Location,Day,TimeSlot,Availability,AvailabilityDescription
B1,Monday,08:00 - 08:50,1,Not Available
B1,Monday,08:55 - 09:45,0,Available
B1,Monday,10:15 - 11:05,0,Available
B1,Monday,11:10 - 12:00,0,Available
B1,Monday,13:00 - 14:00,0,Available
B1,Monday,14:00 - 15:00,1,Not Available
B1,Monday,15:00 - 16:00,1,Not Available
B1,Monday,16:00 - 17:00,0,Available
B1,Monday,17:00 - 17:45,0,Available
B1,Tuesday,08:00 - 08:50,1,Not Available
B1,Tuesday,08:55 - 09:45,1,Not Available
B1,Tuesday,10:15 - 11:05,1,Not Available
B1,Tuesday,11:10 - 12:00,1,Not Available
B1,Tuesday,13:00 - 14:00,0,Available
B1,Tuesday,14:00 - 15:00,0,Available
B1,Tuesday,15:00 - 16:00,0,Available
B1,Tuesday,16:00 - 17:00,0,Available
B1,Tuesday,17:00 - 17:45,0,Available
B1,Wednesday,08:00 - 08:50,1,Not Available
B1,Wednesday,08:55 - 09:45,0,Available
B1,Wednesday,10:15 - 11:05,1,Not Available
B1,Wednesday,11:10 - 12:00,1,Not Available
B1,Wednesday,13:00 - 14:00,1,Not Available
B1,Wednesday,14:00 - 15:00,1,Not Available
B1,Wednesday,15:00 - 16:00,1,Not Available
B1,Wednesday,16:00 - 17:00,0,Available
B1,Wednesday,17:00 - 17:45,0,Available
B1,Thursday,08:00 - 08:50,0,Available
B1,Thursday,08:55 - 09:45,0,Available
B1,Thursday,10:15 - 11:05,1,Not Available
B1,Thursday,11:10 - 12:00,1,Not Available
B1,Thursday,13:00 - 14:00,1,Not Available
B1,Thursday,14:00 - 15:00,0,Available
B1,Thursday,15:00 - 16:00,0,Available
B1,Thursday,16:00 - 17:00,0,Available
B1,Thursday,17:00 - 17:45,0,Available
B1,Friday,08:00 - 08:50,0,Available
B1,Friday,08:55 - 09:45,1,Not Available
B1,Friday,10:15 - 11:05,0,Available
B1,Friday,11:10 - 12:00,0,Available
B1,Friday,13:00 - 14:00,1,Not Available
B1,Friday,14:00 - 15:00,0,Available
B1,Friday,15:00 - 16:00,0,Available
B1,Friday,16:00 - 17:00,0,Available
B1,Friday,17:00 - 17:45,0,Available
B1,Saturday,08:00 - 08:50,0,Available
B1,Saturday,08:55 - 09:45,0,Available
B1,Saturday,10:15 - 11:05,0,Available
B1,Saturday,11:10 - 12:00,0,Available
B1,Saturday,13:00 - 14:00,0,Available
B1,Saturday,14:00 - 15:00,0,Available
B1,Saturday,15:00 - 16:00,0,Available
B1,Saturday,16:00 - 17:00,0,Available
B1,Saturday,17:00 - 17:45,0,Available
B1,Sunday,08:00 - 08:50,0,Available
B1,Sunday,08:55 - 09:45,0,Available
B1,Sunday,10:15 - 11:05,0,Available
B1,Sunday,11:10 - 12:00,0,Available
B1,Sunday,13:00 - 14:00,0,Available
B1,Sunday,14:00 - 15:00,0,Available
B1,Sunday,15:00 - 16:00,0,Available
B1,Sunday,16:00 - 17:00,0,Available
B1,Sunday,17:00 - 17:45,0,Available
B2,Monday,08:00 - 08:50,1,Not Available
B2,Monday,08:55 - 09:45,1,Not Available
B2,Monday,10:15 - 11:05,1,Not Available
B2,Monday,11:10 - 12:00,1,Not Available
B2,Monday,13:00 - 14:00,1,Not Available
B2,Monday,14:00 - 15:00,1,Not Available
B2,Monday,15:00 - 16:00,1,Not Available
B2,Monday,16:00 - 17:00,1,Not Available
B2,Monday,17:00 - 17:45,1,Not Available
B2,Tuesday,08:00 - 08:50,1,Not Available
B2,Tuesday,08:55 - 09:45,1,Not Available
B2,Tuesday,10:15 - 11:05,1,Not Available
B2,Tuesday,11:10 - 12:00,1,Not Available
B2,Tuesday,13:00 - 14:00,1,Not Available
B2,Tuesday,14:00 - 15:00,0,Available
B2,Tuesday,15:00 - 16:00,1,Not Available
B2,Tuesday,16:00 - 17:00,1,Not Available
B2,Tuesday,17:00 - 17:45,0,Available
B2,Wednesday,08:00 - 08:50,1,Not Available
B2,Wednesday,08:55 - 09:45,1,Not Available
B2,Wednesday,10:15 - 11:05,1,Not Available
B2,Wednesday,11:10 - 12:00,1,Not Available
B2,Wednesday,13:00 - 14:00,0,Available
B2,Wednesday,14:00 - 15:00,0,Available
B2,Wednesday,15:00 - 16:00,0,Available
B2,Wednesday,16:00 - 17:00,1,Not Available
B2,Wednesday,17:00 - 17:45,0,Available
B2,Thursday,08:00 - 08:50,1,Not Available
B2,Thursday,08:55 - 09:45,0,Available
B2,Thursday,10:15 - 11:05,1,Not Available
B2,Thursday,11:10 - 12:00,1,Not Available
B2,Thursday,13:00 - 14:00,0,Available
B2,Thursday,14:00 - 15:00,1,Not Available
B2,Thursday,15:00 - 16:00,0,Available
B2,Thursday,16:00 - 17:00,0,Available
B2,Thursday,17:00 - 17:45,0,Available
B2,Friday,08:00 - 08:50,1,Not Available
B2,Friday,08:55 - 09:45,0,Available
B2,Friday,10:15 - 11:05,0,Available
B2,Friday,11:10 - 12:00,0,Available
B2,Friday,13:00 - 14:00,0,Available
B2,Friday,14:00 - 15:00,0,Available
B2,Friday,15:00 - 16:00,0,Available
B2,Friday,16:00 - 17:00,0,Available
B2,Friday,17:00 - 17:45,0,Available
B2,Saturday,08:00 - 08:50,0,Available
B2,Saturday,08:55 - 09:45,0,Available
B2,Saturday,10:15 - 11:05,0,Available
B2,Saturday,11:10 - 12:00,0,Available
B2,Saturday,13:00 - 14:00,0,Available
B2,Saturday,14:00 - 15:00,0,Available
B2,Saturday,15:00 - 16:00,0,Available
B2,Saturday,16:00 - 17:00,0,Available
B2,Saturday,17:00 - 17:45,0,Available
B2,Sunday,08:00 - 08:50,1,Not Available
B2,Sunday,08:55 - 09:45,1,Not Available
B2,Sunday,10:15 - 11:05,0,Available
B2,Sunday,11:10 - 12:00,0,Available
B2,Sunday,13:00 - 14:00,1,Not Available
B2,Sunday,14:00 - 15:00,1,Not Available
B2,Sunday,15:00 - 16:00,1,Not Available
B2,Sunday,16:00 - 17:00,1,Not Available
B2,Sunday,17:00 - 17:45,0,Available
B3,Monday,08:00 - 08:50,1,Not Available
B3,Monday,08:55 - 09:45,0,Available
B3,Monday,10:15 - 11:05,1,Not Available
B3,Monday,11:10 - 12:00,1,Not Available
B3,Monday,13:00 - 14:00,0,Available
B3,Monday,14:00 - 15:00,0,Available
B3,Monday,15:00 - 16:00,0,Available
B3,Monday,16:00 - 17:00,0,Available
B3,Monday,17:00 - 17:45,0,Available
B3,Tuesday,08:00 - 08:50,1,Not Available
B3,Tuesday,08:55 - 09:45,1,Not Available
B3,Tuesday,10:15 - 11:05,1,Not Available
B3,Tuesday,11:10 - 12:00,1,Not Available
B3,Tuesday,13:00 - 14:00,1,Not Available
B3,Tuesday,14:00 - 15:00,1,Not Available
B3,Tuesday,15:00 - 16:00,1,Not Available
B3,Tuesday,16:00 - 17:00,1,Not Available
B3,Tuesday,17:00 - 17:45,0,Available
B3,Wednesday,08:00 - 08:50,0,Available
B3,Wednesday,08:55 - 09:45,0,Available
B3,Wednesday,10:15 - 11:05,1,Not Available
B3,Wednesday,11:10 - 12:00,1,Not Available
B3,Wednesday,13:00 - 14:00,1,Not Available
B3,Wednesday,14:00 - 15:00,1,Not Available
B3,Wednesday,15:00 - 16:00,0,Available
B3,Wednesday,16:00 - 17:00,0,Available
B3,Wednesday,17:00 - 17:45,0,Available
B3,Thursday,08:00 - 08:50,0,Available
B3,Thursday,08:55 - 09:45,1,Not Available
B3,Thursday,10:15 - 11:05,1,Not Available
B3,Thursday,11:10 - 12:00,1,Not Available
B3,Thursday,13:00 - 14:00,0,Available
B3,Thursday,14:00 - 15:00,0,Available
B3,Thursday,15:00 - 16:00,0,Available
B3,Thursday,16:00 - 17:00,0,Available
B3,Thursday,17:00 - 17:45,0,Available
B3,Friday,08:00 - 08:50,0,Available
B3,Friday,08:55 - 09:45,0,Available
B3,Friday,10:15 - 11:05,1,Not Available
B3,Friday,11:10 - 12:00,0,Available
B3,Friday,13:00 - 14:00,1,Not Available
B3,Friday,14:00 - 15:00,0,Available
B3,Friday,15:00 - 16:00,0,Available
B3,Friday,16:00 - 17:00,0,Available
B3,Friday,17:00 - 17:45,0,Available
B3,Saturday,08:00 - 08:50,0,Available
B3,Saturday,08:55 - 09:45,0,Available
B3,Saturday,10:15 - 11:05,0,Available
B3,Saturday,11:10 - 12:00,0,Available
B3,Saturday,13:00 - 14:00,0,Available
B3,Saturday,14:00 - 15:00,0,Available
B3,Saturday,15:00 - 16:00,0,Available
B3,Saturday,16:00 - 17:00,0,Available
B3,Saturday,17:00 - 17:45,0,Available
B3,Sunday,08:00 - 08:50,0,Available
B3,Sunday,08:55 - 09:45,0,Available
B3,Sunday,10:15 - 11:05,0,Available
B3,Sunday,11:10 - 12:00,0,Available
B3,Sunday,13:00 - 14:00,0,Available
B3,Sunday,14:00 - 15:00,0,Available
B3,Sunday,15:00 - 16:00,0,Available
B3,Sunday,16:00 - 17:00,0,Available
B3,Sunday,17:00 - 17:45,0,Available
EL-1,Monday,08:00 - 08:50,1,Not Available
EL-1,Monday,08:55 - 09:45,1,Not Available
EL-1,Monday,10:15 - 11:05,1,Not Available
EL-1,Monday,11:10 - 12:00,1,Not Available
EL-1,Monday,13:00 - 14:00,1,Not Available
EL-1,Monday,14:00 - 15:00,1,Not Available
EL-1,Monday,15:00 - 16:00,0,Available
EL-1,Monday,16:00 - 17:00,0,Available
EL-1,Monday,17:00 - 17:45,0,Available
EL-1,Tuesday,08:00 - 08:50,0,Available
EL-1,Tuesday,08:55 - 09:45,1,Not Available
EL-1,Tuesday,10:15 - 11:05,1,Not Available
EL-1,Tuesday,11:10 - 12:00,1,Not Available
EL-1,Tuesday,13:00 - 14:00,1,Not Available
EL-1,Tuesday,14:00 - 15:00,1,Not Available
EL-1,Tuesday,15:00 - 16:00,1,Not Available
EL-1,Tuesday,16:00 - 17:00,0,Available
EL-1,Tuesday,17:00 - 17:45,0,Available
EL-1,Wednesday,08:00 - 08:50,0,Available
EL-1,Wednesday,08:55 - 09:45,0,Available
EL-1,Wednesday,10:15 - 11:05,0,Available
EL-1,Wednesday,11:10 - 12:00,0,Available
EL-1,Wednesday,13:00 - 14:00,0,Available
EL-1,Wednesday,14:00 - 15:00,0,Available
EL-1,Wednesday,15:00 - 16:00,0,Available
EL-1,Wednesday,16:00 - 17:00,0,Available
EL-1,Wednesday,17:00 - 17:45,0,Available
EL-1,Thursday,08:00 - 08:50,0,Available
EL-1,Thursday,08:55 - 09:45,0,Available
EL-1,Thursday,10:15 - 11:05,0,Available
EL-1,Thursday,11:10 - 12:00,0,Available
EL-1,Thursday,13:00 - 14:00,0,Available
EL-1,Thursday,14:00 - 15:00,0,Available
EL-1,Thursday,15:00 - 16:00,0,Available
EL-1,Thursday,16:00 - 17:00,0,Available
EL-1,Thursday,17:00 - 17:45,0,Available
EL-1,Friday,08:00 - 08:50,0,Available
EL-1,Friday,08:55 - 09:45,1,Not Available
EL-1,Friday,10:15 - 11:05,1,Not Available
EL-1,Friday,11:10 - 12:00,1,Not Available
EL-1,Friday,13:00 - 14:00,1,Not Available
EL-1,Friday,14:00 - 15:00,1,Not Available
EL-1,Friday,15:00 - 16:00,1,Not Available
EL-1,Friday,16:00 - 17:00,0,Available
EL-1,Friday,17:00 - 17:45,0,Available
EL-1,Saturday,08:00 - 08:50,0,Available
EL-1,Saturday,08:55 - 09:45,0,Available
EL-1,Saturday,10:15 - 11:05,0,Available
EL-1,Saturday,11:10 - 12:00,0,Available
EL-1,Saturday,13:00 - 14:00,0,Available
EL-1,Saturday,14:00 - 15:00,0,Available
EL-1,Saturday,15:00 - 16:00,0,Available
EL-1,Saturday,16:00 - 17:00,0,Available
EL-1,Saturday,17:00 - 17:45,0,Available
EL-1,Sunday,08:00 - 08:50,0,Available
EL-1,Sunday,08:55 - 09:45,0,Available
EL-1,Sunday,10:15 - 11:05,0,Available
EL-1,Sunday,11:10 - 12:00,0,Available
EL-1,Sunday,13:00 - 14:00,0,Available
EL-1,Sunday,14:00 - 15:00,0,Available
EL-1,Sunday,15:00 - 16:00,0,Available
EL-1,Sunday,16:00 - 17:00,0,Available
EL-1,Sunday,17:00 - 17:45,0,Available
SLH,Monday,08:00 - 08:50,1,Not Available
SLH,Monday,08:55 - 09:45,1,Not Available
SLH,Monday,10:15 - 11:05,0,Available
SLH,Monday,11:10 - 12:00,0,Available
SLH,Monday,13:00 - 14:00,0,Available
SLH,Monday,14:00 - 15:00,0,Available
SLH,Monday,15:00 - 16:00,0,Available
SLH,Monday,16:00 - 17:00,0,Available
SLH,Monday,17:00 - 17:45,0,Available
SLH,Tuesday,08:00 - 08:50,0,Available
SLH,Tuesday,08:55 - 09:45,0,Available
SLH,Tuesday,10:15 - 11:05,0,Available
SLH,Tuesday,11:10 - 12:00,0,Available
SLH,Tuesday,13:00 - 14:00,0,Available
SLH,Tuesday,14:00 - 15:00,0,Available
SLH,Tuesday,15:00 - 16:00,1,Not Available
SLH,Tuesday,16:00 - 17:00,1,Not Available
SLH,Tuesday,17:00 - 17:45,0,Available
SLH,Wednesday,08:00 - 08:50,0,Available
SLH,Wednesday,08:55 - 09:45,0,Available
SLH,Wednesday,10:15 - 11:05,0,Available
SLH,Wednesday,11:10 - 12:00,0,Available
SLH,Wednesday,13:00 - 14:00,1,Not Available
SLH,Wednesday,14:00 - 15:00,1,Not Available
SLH,Wednesday,15:00 - 16:00,0,Available
SLH,Wednesday,16:00 - 17:00,0,Available
SLH,Wednesday,17:00 - 17:45,0,Available
SLH,Thursday,08:00 - 08:50,0,Available
SLH,Thursday,08:55 - 09:45,0,Available
SLH,Thursday,10:15 - 11:05,0,Available
SLH,Thursday,11:10 - 12:00,0,Available
SLH,Thursday,13:00 - 14:00,0,Available
SLH,Thursday,14:00 - 15:00,0,Available
SLH,Thursday,15:00 - 16:00,0,Available
SLH,Thursday,16:00 - 17:00,0,Available
SLH,Thursday,17:00 - 17:45,0,Available
SLH,Friday,08:00 - 08:50,0,Available
SLH,Friday,08:55 - 09:45,0,Available
SLH,Friday,10:15 - 11:05,0,Available
SLH,Friday,11:10 - 12:00,0,Available
SLH,Friday,13:00 - 14:00,0,Available
SLH,Friday,14:00 - 15:00,0,Available
SLH,Friday,15:00 - 16:00,0,Available
SLH,Friday,16:00 - 17:00,0,Available
SLH,Friday,17:00 - 17:45,0,Available
SLH,Saturday,08:00 - 08:50,0,Available
SLH,Saturday,08:55 - 09:45,0,Available
SLH,Saturday,10:15 - 11:05,0,Available
SLH,Saturday,11:10 - 12:00,0,Available
SLH,Saturday,13:00 - 14:00,0,Available
SLH,Saturday,14:00 - 15:00,0,Available
SLH,Saturday,15:00 - 16:00,0,Available
SLH,Saturday,16:00 - 17:00,0,Available
SLH,Saturday,17:00 - 17:45,0,Available
SLH,Sunday,08:00 - 08:50,0,Available
SLH,Sunday,08:55 - 09:45,0,Available
SLH,Sunday,10:15 - 11:05,0,Available
SLH,Sunday,11:10 - 12:00,0,Available
SLH,Sunday,13:00 - 14:00,0,Available
SLH,Sunday,14:00 - 15:00,0,Available
SLH,Sunday,15:00 - 16:00,0,Available
SLH,Sunday,16:00 - 17:00,0,Available
SLH,Sunday,17:00 - 17:45,0,Available
C1,Monday,08:00 - 08:50,0,Available
C1,Monday,08:55 - 09:45,0,Available
C1,Monday,10:15 - 11:05,0,Available
C1,Monday,11:10 - 12:00,0,Available
C1,Monday,13:00 - 14:00,0,Available
C1,Monday,14:00 - 15:00,0,Available
C1,Monday,15:00 - 16:00,0,Available
C1,Monday,16:00 - 17:00,1,Not Available
C1,Monday,17:00 - 17:45,1,Not Available
C1,Tuesday,08:00 - 08:50,1,Not Available
C1,Tuesday,08:55 - 09:45,0,Available
C1,Tuesday,10:15 - 11:05,0,Available
C1,Tuesday,11:10 - 12:00,0,Available
C1,Tuesday,13:00 - 14:00,1,Available
C1,Tuesday,14:00 - 15:00,1,Available
C1,Tuesday,15:00 - 16:00,0,Available
C1,Tuesday,16:00 - 17:00,0,Available
C1,Tuesday,17:00 - 17:45,1,Not Available
C1,Wednesday,08:00 - 08:50,1,Not Available
C1,Wednesday,08:55 - 09:45,1,Not Available
C1,Wednesday,10:15 - 11:05,0,Available
C1,Wednesday,11:10 - 12:00,0,Available
C1,Wednesday,13:00 - 14:00,0,Available
C1,Wednesday,14:00 - 15:00,0,Available
C1,Wednesday,15:00 - 16:00,0,Available
C1,Wednesday,16:00 - 17:00,1,Not Available
C1,Wednesday,17:00 - 17:45,1,Not Available
C1,Thursday,08:00 - 08:50,1,Not Available
C1,Thursday,08:55 - 09:45,1,Not Available
C1,Thursday,10:15 - 11:05,1,Not Available
C1,Thursday,11:10 - 12:00,1,Not Available
C1,Thursday,13:00 - 14:00,1,Not Available
C1,Thursday,14:00 - 15:00,1,Not Available
C1,Thursday,15:00 - 16:00,0,Available
C1,Thursday,16:00 - 17:00,0,Available
C1,Thursday,17:00 - 17:45,0,Available
C1,Friday,08:00 - 08:50,1,Not Available
C1,Friday,08:55 - 09:45,0,Available
C1,Friday,10:15 - 11:05,0,Available
C1,Friday,11:10 - 12:00,0,Available
C1,Friday,13:00 - 14:00,0,Available
C1,Friday,14:00 - 15:00,0,Available
C1,Friday,15:00 - 16:00,0,Available
C1,Friday,16:00 - 17:00,0,Available
C1,Friday,17:00 - 17:45,0,Available
C1,Saturday,08:00 - 08:50,0,Available
C1,Saturday,08:55 - 09:45,0,Available
C1,Saturday,10:15 - 11:05,0,Available
C1,Saturday,11:10 - 12:00,0,Available
C1,Saturday,13:00 - 14:00,0,Available
C1,Saturday,14:00 - 15:00,0,Available
C1,Saturday,15:00 - 16:00,0,Available
C1,Saturday,16:00 - 17:00,0,Available
C1,Saturday,17:00 - 17:45,0,Available
C1,Sunday,08:00 - 08:50,0,Available
C1,Sunday,08:55 - 09:45,0,Available
C1,Sunday,10:15 - 11:05,0,Available
C1,Sunday,11:10 - 12:00,0,Available
C1,Sunday,13:00 - 14:00,0,Available
C1,Sunday,14:00 - 15:00,0,Available
C1,Sunday,15:00 - 16:00,0,Available
C1,Sunday,16:00 - 17:00,0,Available
C1,Sunday,17:00 - 17:45,0,Available
C2,Monday,08:00 - 08:50,1,Not Available
C2,Monday,08:55 - 09:45,0,Available
C2,Monday,10:15 - 11:05,1,Not Available
C2,Monday,11:10 - 12:00,1,Not Available
C2,Monday,13:00 - 14:00,0,Available
C2,Monday,14:00 - 15:00,0,Available
C2,Monday,15:00 - 16:00,0,Available
C2,Monday,16:00 - 17:00,0,Available
C2,Monday,17:00 - 17:45,0,Available
C2,Tuesday,08:00 - 08:50,0,Available
C2,Tuesday,08:55 - 09:45,1,Not Available
C2,Tuesday,10:15 - 11:05,1,Not Available
C2,Tuesday,11:10 - 12:00,1,Not Available
C2,Tuesday,13:00 - 14:00,1,Not Available
C2,Tuesday,14:00 - 15:00,0,Available
C2,Tuesday,15:00 - 16:00,0,Available
C2,Tuesday,16:00 - 17:00,0,Available
C2,Tuesday,17:00 - 17:45,0,Available
C2,Wednesday,08:00 - 08:50,0,Available
C2,Wednesday,08:55 - 09:45,0,Available
C2,Wednesday,10:15 - 11:05,1,Not Available
C2,Wednesday,11:10 - 12:00,1,Not Available
C2,Wednesday,13:00 - 14:00,0,Available
C2,Wednesday,14:00 - 15:00,0,Available
C2,Wednesday,15:00 - 16:00,0,Available
C2,Wednesday,16:00 - 17:00,0,Available
C2,Wednesday,17:00 - 17:45,1,Not Available
C2,Thursday,08:00 - 08:50,1,Not Available
C2,Thursday,08:55 - 09:45,1,Not Available
C2,Thursday,10:15 - 11:05,1,Not Available
C2,Thursday,11:10 - 12:00,1,Not Available
C2,Thursday,13:00 - 14:00,0,Available
C2,Thursday,14:00 - 15:00,0,Available
C2,Thursday,15:00 - 16:00,0,Available
C2,Thursday,16:00 - 17:00,0,Available
C2,Thursday,17:00 - 17:45,0,Available
C2,Friday,08:00 - 08:50,1,Not Available
C2,Friday,08:55 - 09:45,0,Available
C2,Friday,10:15 - 11:05,0,Available
C2,Friday,11:10 - 12:00,0,Available
C2,Friday,13:00 - 14:00,0,Available
C2,Friday,14:00 - 15:00,0,Available
C2,Friday,15:00 - 16:00,0,Available
C2,Friday,16:00 - 17:00,0,Available
C2,Friday,17:00 - 17:45,0,Available
C2,Saturday,08:00 - 08:50,0,Available
C2,Saturday,08:55 - 09:45,0,Available
C2,Saturday,10:15 - 11:05,0,Available
C2,Saturday,11:10 - 12:00,0,Available
C2,Saturday,13:00 - 14:00,0,Available
C2,Saturday,14:00 - 15:00,0,Available
C2,Saturday,15:00 - 16:00,0,Available
C2,Saturday,16:00 - 17:00,0,Available
C2,Saturday,17:00 - 17:45,0,Available
C2,Sunday,08:00 - 08:50,0,Available
C2,Sunday,08:55 - 09:45,0,Available
C2,Sunday,10:15 - 11:05,0,Available
C2,Sunday,11:10 - 12:00,0,Available
C2,Sunday,13:00 - 14:00,0,Available
C2,Sunday,14:00 - 15:00,0,Available
C2,Sunday,15:00 - 16:00,0,Available
C2,Sunday,16:00 - 17:00,0,Available
C2,Sunday,17:00 - 17:45,0,Available
C3,Monday,08:00 - 08:50,1,Not Available
C3,Monday,08:55 - 09:45,1,Not Available
C3,Monday,10:15 - 11:05,1,Not Available
C3,Monday,11:10 - 12:00,1,Not Available
C3,Monday,13:00 - 14:00,1,Not Available
C3,Monday,14:00 - 15:00,1,Not Available
C3,Monday,15:00 - 16:00,1,Not Available
C3,Monday,16:00 - 17:00,0,Available
C3,Monday,17:00 - 17:45,0,Available
C3,Tuesday,08:00 - 08:50,1,Not Available
C3,Tuesday,08:55 - 09:45,0,Available
C3,Tuesday,10:15 - 11:05,1,Not Available
C3,Tuesday,11:10 - 12:00,1,Not Available
C3,Tuesday,13:00 - 14:00,0,Available
C3,Tuesday,14:00 - 15:00,0,Available
C3,Tuesday,15:00 - 16:00,0,Available
C3,Tuesday,16:00 - 17:00,0,Available
C3,Tuesday,17:00 - 17:45,0,Available
C3,Wednesday,08:00 - 08:50,1,Not Available
C3,Wednesday,08:55 - 09:45,1,Not Available
C3,Wednesday,10:15 - 11:05,1,Not Available
C3,Wednesday,11:10 - 12:00,1,Not Available
C3,Wednesday,13:00 - 14:00,0,Available
C3,Wednesday,14:00 - 15:00,0,Available
C3,Wednesday,15:00 - 16:00,0,Available
C3,Wednesday,16:00 - 17:00,0,Available
C3,Wednesday,17:00 - 17:45,0,Available
C3,Thursday,08:00 - 08:50,1,Not Available
C3,Thursday,08:55 - 09:45,1,Not Available
C3,Thursday,10:15 - 11:05,0,Available
C3,Thursday,11:10 - 12:00,0,Available
C3,Thursday,13:00 - 14:00,0,Available
C3,Thursday,14:00 - 15:00,0,Available
C3,Thursday,15:00 - 16:00,0,Available
C3,Thursday,16:00 - 17:00,0,Available
C3,Thursday,17:00 - 17:45,0,Available
C3,Friday,08:00 - 08:50,0,Available
C3,Friday,08:55 - 09:45,1,Not Available
C3,Friday,10:15 - 11:05,0,Available
C3,Friday,11:10 - 12:00,0,Not Available
C3,Friday,13:00 - 14:00,0,Available
C3,Friday,14:00 - 15:00,0,Available
C3,Friday,15:00 - 16:00,0,Available
C3,Friday,16:00 - 17:00,0,Available
C3,Friday,17:00 - 17:45,0,Available
C3,Saturday,08:00 - 08:50,0,Available
C3,Saturday,08:55 - 09:45,0,Available
C3,Saturday,10:15 - 11:05,0,Available
C3,Saturday,11:10 - 12:00,0,Available
C3,Saturday,13:00 - 14:00,0,Available
C3,Saturday,14:00 - 15:00,0,Available
C3,Saturday,15:00 - 16:00,0,Available
C3,Saturday,16:00 - 17:00,0,Available
C3,Saturday,17:00 - 17:45,0,Available
C3,Sunday,08:00 - 08:50,0,Available
C3,Sunday,08:55 - 09:45,0,Available
C3,Sunday,10:15 - 11:05,0,Available
C3,Sunday,11:10 - 12:00,0,Available
C3,Sunday,13:00 - 14:00,0,Available
C3,Sunday,14:00 - 15:00,0,Available
C3,Sunday,15:00 - 16:00,0,Available
C3,Sunday,16:00 - 17:00,0,Available
C3,Sunday,17:00 - 17:45,0,Available
C4,Monday,08:00 - 08:50,1,Not Available
C4,Monday,08:55 - 09:45,1,Not Available
C4,Monday,10:15 - 11:05,1,Not Available
C4,Monday,11:10 - 12:00,1,Not Available
C4,Monday,13:00 - 14:00,0,Available
C4,Monday,14:00 - 15:00,0,Available
C4,Monday,15:00 - 16:00,1,Not Available
C4,Monday,16:00 - 17:00,0,Available
C4,Monday,17:00 - 17:45,0,Available
C4,Tuesday,08:00 - 08:50,0,Available
C4,Tuesday,08:55 - 09:45,1,Not Available
C4,Tuesday,10:15 - 11:05,1,Not Available
C4,Tuesday,11:10 - 12:00,1,Not Available
C4,Tuesday,13:00 - 14:00,1,Not Available
C4,Tuesday,14:00 - 15:00,0,Available
C4,Tuesday,15:00 - 16:00,0,Available
C4,Tuesday,16:00 - 17:00,0,Available
C4,Tuesday,17:00 - 17:45,0,Available
C4,Wednesday,08:00 - 08:50,1,Not Available
C4,Wednesday,08:55 - 09:45,1,Not Available
C4,Wednesday,10:15 - 11:05,1,Not Available
C4,Wednesday,11:10 - 12:00,1,Not Available
C4,Wednesday,13:00 - 14:00,1,Not Available
C4,Wednesday,14:00 - 15:00,1,Not Available
C4,Wednesday,15:00 - 16:00,1,Not Available
C4,Wednesday,16:00 - 17:00,1,Not Available
C4,Wednesday,17:00 - 17:45,1,Not Available
C4,Thursday,08:00 - 08:50,1,Not Available
C4,Thursday,08:55 - 09:45,1,Not Available
C4,Thursday,10:15 - 11:05,1,Not Available
C4,Thursday,11:10 - 12:00,1,Not Available
C4,Thursday,13:00 - 14:00,0,Available
C4,Thursday,14:00 - 15:00,0,Available
C4,Thursday,15:00 - 16:00,0,Available
C4,Thursday,16:00 - 17:00,0,Available
C4,Thursday,17:00 - 17:45,0,Available
C4,Friday,08:00 - 08:50,0,Available
C4,Friday,08:55 - 09:45,0,Available
C4,Friday,10:15 - 11:05,1,Not Available
C4,Friday,11:10 - 12:00,1,Not Available
C4,Friday,13:00 - 14:00,0,Available
C4,Friday,14:00 - 15:00,0,Available
C4,Friday,15:00 - 16:00,0,Available
C4,Friday,16:00 - 17:00,0,Available
C4,Friday,17:00 - 17:45,0,Available
C4,Saturday,08:00 - 08:50,0,Available
C4,Saturday,08:55 - 09:45,0,Available
C4,Saturday,10:15 - 11:05,0,Available
C4,Saturday,11:10 - 12:00,0,Available
C4,Saturday,13:00 - 14:00,0,Available
C4,Saturday,14:00 - 15:00,0,Available
C4,Saturday,15:00 - 16:00,0,Available
C4,Saturday,16:00 - 17:00,0,Available
C4,Saturday,17:00 - 17:45,0,Available
C4,Sunday,08:00 - 08:50,0,Available
C4,Sunday,08:55 - 09:45,0,Available
C4,Sunday,10:15 - 11:05,0,Available
C4,Sunday,11:10 - 12:00,0,Available
C4,Sunday,13:00 - 14:00,0,Available
C4,Sunday,14:00 - 15:00,0,Available
C4,Sunday,15:00 - 16:00,0,Available
C4,Sunday,16:00 - 17:00,0,Available
C4,Sunday,17:00 - 17:45,0,Available
S1,Monday,08:00 - 08:50,1,Not Available
S1,Monday,08:55 - 09:45,1,Not Available
S1,Monday,10:15 - 11:05,1,Not Available
S1,Monday,11:10 - 12:00,1,Not Available
S1,Monday,13:00 - 14:00,1,Not Available
S1,Monday,14:00 - 15:00,1,Not Available
S1,Monday,15:00 - 16:00,1,Not Available
S1,Monday,16:00 - 17:00,0,Available
S1,Monday,17:00 - 17:45,0,Available
S1,Tuesday,08:00 - 08:50,1,Not Available
S1,Tuesday,08:55 - 09:45,1,Not Available
S1,Tuesday,10:15 - 11:05,0,Available
S1,Tuesday,11:10 - 12:00,0,Available
S1,Tuesday,13:00 - 14:00,1,Not Available
S1,Tuesday,14:00 - 15:00,1,Not Available
S1,Tuesday,15:00 - 16:00,0,Available
S1,Tuesday,16:00 - 17:00,1,Not Available
S1,Tuesday,17:00 - 17:45,1,Not Available
S1,Wednesday,08:00 - 08:50,1,Not Available
S1,Wednesday,08:55 - 09:45,1,Not Available
S1,Wednesday,10:15 - 11:05,1,Not Available
S1,Wednesday,11:10 - 12:00,1,Not Available
S1,Wednesday,13:00 - 14:00,1,Not Available
S1,Wednesday,14:00 - 15:00,1,Not Available
S1,Wednesday,15:00 - 16:00,0,Available
S1,Wednesday,16:00 - 17:00,1,Not Available
S1,Wednesday,17:00 - 17:45,1,Not Available
S1,Thursday,08:00 - 08:50,1,Not Available
S1,Thursday,08:55 - 09:45,1,Not Available
S1,Thursday,10:15 - 11:05,1,Not Available
S1,Thursday,11:10 - 12:00,1,Not Available
S1,Thursday,13:00 - 14:00,1,Not Available
S1,Thursday,14:00 - 15:00,1,Not Available
S1,Thursday,15:00 - 16:00,0,Available
S1,Thursday,16:00 - 17:00,0,Available
S1,Thursday,17:00 - 17:45,0,Available
S1,Friday,08:00 - 08:50,1,Not Available
S1,Friday,08:55 - 09:45,1,Not Available
S1,Friday,10:15 - 11:05,0,Available
S1,Friday,11:10 - 12:00,0,Available
S1,Friday,13:00 - 14:00,1,Not Available
S1,Friday,14:00 - 15:00,1,Not Available
S1,Friday,15:00 - 16:00,0,Available
S1,Friday,16:00 - 17:00,1,Not Available
S1,Friday,17:00 - 17:45,0,Available
S1,Saturday,08:00 - 08:50,0,Available
S1,Saturday,08:55 - 09:45,0,Available
S1,Saturday,10:15 - 11:05,0,Available
S1,Saturday,11:10 - 12:00,0,Available
S1,Saturday,13:00 - 14:00,0,Available
S1,Saturday,14:00 - 15:00,0,Available
S1,Saturday,15:00 - 16:00,0,Available
S1,Saturday,16:00 - 17:00,0,Available
S1,Saturday,17:00 - 17:45,0,Available
S1,Sunday,08:00 - 08:50,0,Available
S1,Sunday,08:55 - 09:45,0,Available
S1,Sunday,10:15 - 11:05,0,Available
S1,Sunday,11:10 - 12:00,0,Available
S1,Sunday,13:00 - 14:00,0,Available
S1,Sunday,14:00 - 15:00,0,Available
S1,Sunday,15:00 - 16:00,0,Available
S1,Sunday,16:00 - 17:00,0,Available
S1,Sunday,17:00 - 17:45,0,Available
SCR,Monday,08:00 - 08:50,1,Not Available
SCR,Monday,08:55 - 09:45,1,Not Available
SCR,Monday,10:15 - 11:05,1,Not Available
SCR,Monday,11:10 - 12:00,1,Not Available
SCR,Monday,13:00 - 14:00,1,Not Available
SCR,Monday,14:00 - 15:00,1,Not Available
SCR,Monday,15:00 - 16:00,1,Not Available
SCR,Monday,16:00 - 17:00,1,Not Available
SCR,Monday,17:00 - 17:45,1,Not Available
SCR,Tuesday,08:00 - 08:50,1,Not Available
SCR,Tuesday,08:55 - 09:45,0,Available
SCR,Tuesday,10:15 - 11:05,0,Available
SCR,Tuesday,11:10 - 12:00,0,Available
SCR,Tuesday,13:00 - 14:00,1,Not Available
SCR,Tuesday,14:00 - 15:00,0,Available
SCR,Tuesday,15:00 - 16:00,0,Available
SCR,Tuesday,16:00 - 17:00,0,Available
SCR,Tuesday,17:00 - 17:45,0,Available
SCR,Wednesday,08:00 - 08:50,1,Not Available
SCR,Wednesday,08:55 - 09:45,1,Not Available
SCR,Wednesday,10:15 - 11:05,1,Not Available
SCR,Wednesday,11:10 - 12:00,0,Available
SCR,Wednesday,13:00 - 14:00,1,Not Available
SCR,Wednesday,14:00 - 15:00,0,Available
SCR,Wednesday,15:00 - 16:00,0,Available
SCR,Wednesday,16:00 - 17:00,0,Available
SCR,Wednesday,17:00 - 17:45,0,Available
SCR,Thursday,08:00 - 08:50,0,Available
SCR,Thursday,08:55 - 09:45,0,Available
SCR,Thursday,10:15 - 11:05,1,Not Available
SCR,Thursday,11:10 - 12:00,0,Available
SCR,Thursday,13:00 - 14:00,0,Available
SCR,Thursday,14:00 - 15:00,0,Available
SCR,Thursday,15:00 - 16:00,0,Available
SCR,Thursday,16:00 - 17:00,0,Available
SCR,Thursday,17:00 - 17:45,0,Available
SCR,Friday,08:00 - 08:50,0,Available
SCR,Friday,08:55 - 09:45,0,Available
SCR,Friday,10:15 - 11:05,0,Available
SCR,Friday,11:10 - 12:00,0,Available
SCR,Friday,13:00 - 14:00,0,Available
SCR,Friday,14:00 - 15:00,0,Available
SCR,Friday,15:00 - 16:00,0,Available
SCR,Friday,16:00 - 17:00,0,Available
SCR,Friday,17:00 - 17:45,0,Available
SCR,Saturday,08:00 - 08:50,0,Available
SCR,Saturday,08:55 - 09:45,0,Available
SCR,Saturday,10:15 - 11:05,0,Available
SCR,Saturday,11:10 - 12:00,0,Available
SCR,Saturday,13:00 - 14:00,0,Available
SCR,Saturday,14:00 - 15:00,0,Available
SCR,Saturday,15:00 - 16:00,0,Available
SCR,Saturday,16:00 - 17:00,0,Available
SCR,Saturday,17:00 - 17:45,0,Available
SCR,Sunday,08:00 - 08:50,0,Available
SCR,Sunday,08:55 - 09:45,0,Available
SCR,Sunday,10:15 - 11:05,0,Available
SCR,Sunday,11:10 - 12:00,0,Available
SCR,Sunday,13:00 - 14:00,0,Available
SCR,Sunday,14:00 - 15:00,0,Available
SCR,Sunday,15:00 - 16:00,0,Available
SCR,Sunday,16:00 - 17:00,0,Available
SCR,Sunday,17:00 - 17:45,0,Available
P1,Monday,08:00 - 08:50,1,Not Available
P1,Monday,08:55 - 09:45,1,Not Available
P1,Monday,10:15 - 11:05,1,Not Available
P1,Monday,11:10 - 12:00,1,Not Available
P1,Monday,13:00 - 14:00,0,Available
P1,Monday,14:00 - 15:00,0,Available
P1,Monday,15:00 - 16:00,0,Available
P1,Monday,16:00 - 17:00,1,Not Available
P1,Monday,17:00 - 17:45,0,Available
P1,Tuesday,08:00 - 08:50,0,Available
P1,Tuesday,08:55 - 09:45,0,Available
P1,Tuesday,10:15 - 11:05,1,Not Available
P1,Tuesday,11:10 - 12:00,1,Not Available
P1,Tuesday,13:00 - 14:00,1,Not Available
P1,Tuesday,14:00 - 15:00,1,Not Available
P1,Tuesday,15:00 - 16:00,1,Not Available
P1,Tuesday,16:00 - 17:00,1,Not Available
P1,Tuesday,17:00 - 17:45,0,Available
P1,Wednesday,08:00 - 08:50,0,Available
P1,Wednesday,08:55 - 09:45,0,Available
P1,Wednesday,10:15 - 11:05,1,Not Available
P1,Wednesday,11:10 - 12:00,1,Not Available
P1,Wednesday,13:00 - 14:00,1,Not Available
P1,Wednesday,14:00 - 15:00,1,Not Available
P1,Wednesday,15:00 - 16:00,0,Available
P1,Wednesday,16:00 - 17:00,1,Not Available
P1,Wednesday,17:00 - 17:45,0,Available
P1,Thursday,08:00 - 08:50,0,Available
P1,Thursday,08:55 - 09:45,0,Available
P1,Thursday,10:15 - 11:05,1,Not Available
P1,Thursday,11:10 - 12:00,1,Not Available
P1,Thursday,13:00 - 14:00,1,Not Available
P1,Thursday,14:00 - 15:00,1,Not Available
P1,Thursday,15:00 - 16:00,0,Available
P1,Thursday,16:00 - 17:00,0,Available
P1,Thursday,17:00 - 17:45,0,Available
P1,Friday,08:00 - 08:50,1,Not Available
P1,Friday,08:55 - 09:45,1,Not Available
P1,Friday,10:15 - 11:05,0,Available
P1,Friday,11:10 - 12:00,0,Available
P1,Friday,13:00 - 14:00,0,Available
P1,Friday,14:00 - 15:00,0,Available
P1,Friday,15:00 - 16:00,0,Available
P1,Friday,16:00 - 17:00,0,Available
P1,Friday,17:00 - 17:45,0,Available
P1,Saturday,08:00 - 08:50,0,Available
P1,Saturday,08:55 - 09:45,0,Available
P1,Saturday,10:15 - 11:05,0,Available
P1,Saturday,11:10 - 12:00,0,Available
P1,Saturday,13:00 - 14:00,0,Available
P1,Saturday,14:00 - 15:00,0,Available
P1,Saturday,15:00 - 16:00,0,Available
P1,Saturday,16:00 - 17:00,0,Available
P1,Saturday,17:00 - 17:45,0,Available
P1,Sunday,08:00 - 08:50,0,Available
P1,Sunday,08:55 - 09:45,0,Available
P1,Sunday,10:15 - 11:05,0,Available
P1,Sunday,11:10 - 12:00,0,Available
P1,Sunday,13:00 - 14:00,0,Available
P1,Sunday,14:00 - 15:00,0,Available
P1,Sunday,15:00 - 16:00,0,Available
P1,Sunday,16:00 - 17:00,0,Available
P1,Sunday,17:00 - 17:45,0,Available
P2,Monday,08:00 - 08:50,1,Not Available
P2,Monday,08:55 - 09:45,1,Not Available
P2,Monday,10:15 - 11:05,0,Available
P2,Monday,11:10 - 12:00,0,Available
P2,Monday,13:00 - 14:00,0,Available
P2,Monday,14:00 - 15:00,0,Available
P2,Monday,15:00 - 16:00,0,Available
P2,Monday,16:00 - 17:00,0,Available
P2,Monday,17:00 - 17:45,0,Available
P2,Tuesday,08:00 - 08:50,1,Not Available
P2,Tuesday,08:55 - 09:45,1,Not Available
P2,Tuesday,10:15 - 11:05,0,Available
P2,Tuesday,11:10 - 12:00,0,Available
P2,Tuesday,13:00 - 14:00,0,Available
P2,Tuesday,14:00 - 15:00,0,Available
P2,Tuesday,15:00 - 16:00,0,Available
P2,Tuesday,16:00 - 17:00,0,Available
P2,Tuesday,17:00 - 17:45,0,Available
P2,Wednesday,08:00 - 08:50,0,Available
P2,Wednesday,08:55 - 09:45,0,Available
P2,Wednesday,10:15 - 11:05,0,Available
P2,Wednesday,11:10 - 12:00,0,Available
P2,Wednesday,13:00 - 14:00,0,Available
P2,Wednesday,14:00 - 15:00,0,Available
P2,Wednesday,15:00 - 16:00,0,Available
P2,Wednesday,16:00 - 17:00,1,Not Available
P2,Wednesday,17:00 - 17:45,0,Available
P2,Thursday,08:00 - 08:50,0,Available
P2,Thursday,08:55 - 09:45,0,Available
P2,Thursday,10:15 - 11:05,0,Available
P2,Thursday,11:10 - 12:00,0,Available
P2,Thursday,13:00 - 14:00,0,Available
P2,Thursday,14:00 - 15:00,0,Available
P2,Thursday,15:00 - 16:00,0,Available
P2,Thursday,16:00 - 17:00,1,Not Available
P2,Thursday,17:00 - 17:45,0,Available
P2,Friday,08:00 - 08:50,0,Available
P2,Friday,08:55 - 09:45,0,Available
P2,Friday,10:15 - 11:05,0,Available
P2,Friday,11:10 - 12:00,0,Available
P2,Friday,13:00 - 14:00,0,Available
P2,Friday,14:00 - 15:00,0,Available
P2,Friday,15:00 - 16:00,0,Available
P2,Friday,16:00 - 17:00,0,Available
P2,Friday,17:00 - 17:45,0,Available
P2,Saturday,08:00 - 08:50,0,Available
P2,Saturday,08:55 - 09:45,0,Available
P2,Saturday,10:15 - 11:05,0,Available
P2,Saturday,11:10 - 12:00,0,Available
P2,Saturday,13:00 - 14:00,0,Available
P2,Saturday,14:00 - 15:00,0,Available
P2,Saturday,15:00 - 16:00,0,Available
P2,Saturday,16:00 - 17:00,0,Available
P2,Saturday,17:00 - 17:45,0,Available
P2,Sunday,08:00 - 08:50,0,Available
P2,Sunday,08:55 - 09:45,0,Available
P2,Sunday,10:15 - 11:05,0,Available
P2,Sunday,11:10 - 12:00,0,Available
P2,Sunday,13:00 - 14:00,0,Available
P2,Sunday,14:00 - 15:00,0,Available
P2,Sunday,15:00 - 16:00,0,Available
P2,Sunday,16:00 - 17:00,0,Available
P2,Sunday,17:00 - 17:45,0,Available
UDG Lab,Monday,08:00 - 08:50,0,Available
UDG Lab,Monday,08:55 - 09:45,0,Available
UDG Lab,Monday,10:15 - 11:05,1,Not Available
UDG Lab,Monday,11:10 - 12:00,1,Not Available
UDG Lab,Monday,13:00 - 14:00,1,Not Available
UDG Lab,Monday,14:00 - 15:00,1,Not Available
UDG Lab,Monday,15:00 - 16:00,1,Not Available
UDG Lab,Monday,16:00 - 17:00,0,Available
UDG Lab,Monday,17:00 - 17:45,0,Available
UDG Lab,Tuesday,08:00 - 08:50,0,Available
UDG Lab,Tuesday,08:55 - 09:45,0,Available
UDG Lab,Tuesday,10:15 - 11:05,0,Available
UDG Lab,Tuesday,11:10 - 12:00,0,Available
UDG Lab,Tuesday,13:00 - 14:00,0,Available
UDG Lab,Tuesday,14:00 - 15:00,0,Available
UDG Lab,Tuesday,15:00 - 16:00,0,Available
UDG Lab,Tuesday,16:00 - 17:00,0,Available
UDG Lab,Tuesday,17:00 - 17:45,0,Available
UDG Lab,Wednesday,08:00 - 08:50,0,Available
UDG Lab,Wednesday,08:55 - 09:45,1,Not Available
UDG Lab,Wednesday,10:15 - 11:05,1,Not Available
UDG Lab,Wednesday,11:10 - 12:00,1,Not Available
UDG Lab,Wednesday,13:00 - 14:00,1,Not Available
UDG Lab,Wednesday,14:00 - 15:00,1,Not Available
UDG Lab,Wednesday,15:00 - 16:00,1,Not Available
UDG Lab,Wednesday,16:00 - 17:00,0,Available
UDG Lab,Wednesday,17:00 - 17:45,0,Available
UDG Lab,Thursday,08:00 - 08:50,0,Available
UDG Lab,Thursday,08:55 - 09:45,1,Not Available
UDG Lab,Thursday,10:15 - 11:05,1,Not Available
UDG Lab,Thursday,11:10 - 12:00,1,Not Available
UDG Lab,Thursday,13:00 - 14:00,0,Available
UDG Lab,Thursday,14:00 - 15:00,0,Available
UDG Lab,Thursday,15:00 - 16:00,0,Available
UDG Lab,Thursday,16:00 - 17:00,0,Available
UDG Lab,Thursday,17:00 - 17:45,0,Available
UDG Lab,Friday,08:00 - 08:50,0,Available
UDG Lab,Friday,08:55 - 09:45,0,Available
UDG Lab,Friday,10:15 - 11:05,0,Available
UDG Lab,Friday,11:10 - 12:00,0,Available
UDG Lab,Friday,13:00 - 14:00,0,Available
UDG Lab,Friday,14:00 - 15:00,0,Available
UDG Lab,Friday,15:00 - 16:00,0,Available
UDG Lab,Friday,16:00 - 17:00,0,Available
UDG Lab,Friday,17:00 - 17:45,0,Available
UDG Lab,Saturday,08:00 - 08:50,0,Available
UDG Lab,Saturday,08:55 - 09:45,0,Available
UDG Lab,Saturday,10:15 - 11:05,0,Available
UDG Lab,Saturday,11:10 - 12:00,0,Available
UDG Lab,Saturday,13:00 - 14:00,0,Available
UDG Lab,Saturday,14:00 - 15:00,0,Available
UDG Lab,Saturday,15:00 - 16:00,0,Available
UDG Lab,Saturday,16:00 - 17:00,0,Available
UDG Lab,Saturday,17:00 - 17:45,0,Available
UDG Lab,Sunday,08:00 - 08:50,0,Available
UDG Lab,Sunday,08:55 - 09:45,0,Available
UDG Lab,Sunday,10:15 - 11:05,0,Available
UDG Lab,Sunday,11:10 - 12:00,0,Available
UDG Lab,Sunday,13:00 - 14:00,0,Available
UDG Lab,Sunday,14:00 - 15:00,0,Available
UDG Lab,Sunday,15:00 - 16:00,0,Available
UDG Lab,Sunday,16:00 - 17:00,0,Available
UDG Lab,Sunday,17:00 - 17:45,0,Available
Activity Room - Physics,Monday,08:00 - 08:50,0,Available
Activity Room - Physics,Monday,08:55 - 09:45,0,Available
Activity Room - Physics,Monday,10:15 - 11:05,0,Available
Activity Room - Physics,Monday,11:10 - 12:00,0,Available
Activity Room - Physics,Monday,13:00 - 14:00,0,Available
Activity Room - Physics,Monday,14:00 - 15:00,0,Available
Activity Room - Physics,Monday,15:00 - 16:00,0,Available
Activity Room - Physics,Monday,16:00 - 17:00,0,Available
Activity Room - Physics,Monday,17:00 - 17:45,0,Available
Activity Room - Physics,Tuesday,08:00 - 08:50,0,Available
Activity Room - Physics,Tuesday,08:55 - 09:45,0,Available
Activity Room - Physics,Tuesday,10:15 - 11:05,1,Not Available
Activity Room - Physics,Tuesday,11:10 - 12:00,1,Not Available
Activity Room - Physics,Tuesday,13:00 - 14:00,0,Available
Activity Room - Physics,Tuesday,14:00 - 15:00,0,Available
Activity Room - Physics,Tuesday,15:00 - 16:00,0,Available
Activity Room - Physics,Tuesday,16:00 - 17:00,0,Available
Activity Room - Physics,Tuesday,17:00 - 17:45,0,Available
Activity Room - Physics,Wednesday,08:00 - 08:50,0,Available
Activity Room - Physics,Wednesday,08:55 - 09:45,1,Not Available
Activity Room - Physics,Wednesday,10:15 - 11:05,1,Not Available
Activity Room - Physics,Wednesday,11:10 - 12:00,1,Not Available
Activity Room - Physics,Wednesday,13:00 - 14:00,0,Available
Activity Room - Physics,Wednesday,14:00 - 15:00,0,Available
Activity Room - Physics,Wednesday,15:00 - 16:00,0,Available
Activity Room - Physics,Wednesday,16:00 - 17:00,0,Available
Activity Room - Physics,Wednesday,17:00 - 17:45,0,Available
Activity Room - Physics,Thursday,08:00 - 08:50,0,Available
Activity Room - Physics,Thursday,08:55 - 09:45,1,Not Available
Activity Room - Physics,Thursday,10:15 - 11:05,0,Available
Activity Room - Physics,Thursday,11:10 - 12:00,0,Available
Activity Room - Physics,Thursday,13:00 - 14:00,0,Available
Activity Room - Physics,Thursday,14:00 - 15:00,0,Available
Activity Room - Physics,Thursday,15:00 - 16:00,0,Available
Activity Room - Physics,Thursday,16:00 - 17:00,0,Available
Activity Room - Physics,Thursday,17:00 - 17:45,0,Available
Activity Room - Physics,Friday,08:00 - 08:50,0,Available
Activity Room - Physics,Friday,08:55 - 09:45,1,Not Available
Activity Room - Physics,Friday,10:15 - 11:05,1,Not Available
Activity Room - Physics,Friday,11:10 - 12:00,1,Not Available
Activity Room - Physics,Friday,13:00 - 14:00,1,Not Available
Activity Room - Physics,Friday,14:00 - 15:00,1,Not Available
Activity Room - Physics,Friday,15:00 - 16:00,1,Not Available
Activity Room - Physics,Friday,16:00 - 17:00,0,Available
Activity Room - Physics,Friday,17:00 - 17:45,0,Available
Activity Room - Physics,Saturday,08:00 - 08:50,0,Available
Activity Room - Physics,Saturday,08:55 - 09:45,0,Available
Activity Room - Physics,Saturday,10:15 - 11:05,0,Available
Activity Room - Physics,Saturday,11:10 - 12:00,0,Available
Activity Room - Physics,Saturday,13:00 - 14:00,0,Available
Activity Room - Physics,Saturday,14:00 - 15:00,0,Available
Activity Room - Physics,Saturday,15:00 - 16:00,0,Available
Activity Room - Physics,Saturday,16:00 - 17:00,0,Available
Activity Room - Physics,Saturday,17:00 - 17:45,0,Available
Activity Room - Physics,Sunday,08:00 - 08:50,0,Available
Activity Room - Physics,Sunday,08:55 - 09:45,0,Available
Activity Room - Physics,Sunday,10:15 - 11:05,0,Available
Activity Room - Physics,Sunday,11:10 - 12:00,0,Available
Activity Room - Physics,Sunday,13:00 - 14:00,0,Available
Activity Room - Physics,Sunday,14:00 - 15:00,0,Available
Activity Room - Physics,Sunday,15:00 - 16:00,0,Available
Activity Room - Physics,Sunday,16:00 - 17:00,0,Available
Activity Room - Physics,Sunday,17:00 - 17:45,0,Available
NFC4,Monday,08:00 - 08:50,1,Not Available
NFC4,Monday,08:55 - 09:45,0,Available
NFC4,Monday,10:15 - 11:05,1,Not Available
NFC4,Monday,11:10 - 12:00,1,Not Available
NFC4,Monday,13:00 - 14:00,0,Available
NFC4,Monday,14:00 - 15:00,1,Not Available
NFC4,Monday,15:00 - 16:00,1,Not Available
NFC4,Monday,16:00 - 17:00,0,Available
NFC4,Monday,17:00 - 17:45,0,Available
NFC4,Tuesday,08:00 - 08:50,1,Not Available
NFC4,Tuesday,08:55 - 09:45,1,Not Available
NFC4,Tuesday,10:15 - 11:05,1,Not Available
NFC4,Tuesday,11:10 - 12:00,1,Not Available
NFC4,Tuesday,13:00 - 14:00,1,Not Available
NFC4,Tuesday,14:00 - 15:00,1,Not Available
NFC4,Tuesday,15:00 - 16:00,1,Not Available
NFC4,Tuesday,16:00 - 17:00,1,Not Available
NFC4,Tuesday,17:00 - 17:45,0,Available
NFC4,Wednesday,08:00 - 08:50,1,Not Available
NFC4,Wednesday,08:55 - 09:45,1,Not Available
NFC4,Wednesday,10:15 - 11:05,1,Not Available
NFC4,Wednesday,11:10 - 12:00,1,Not Available
NFC4,Wednesday,13:00 - 14:00,1,Not Available
NFC4,Wednesday,14:00 - 15:00,1,Not Available
NFC4,Wednesday,15:00 - 16:00,0,Available
NFC4,Wednesday,16:00 - 17:00,1,Not Available
NFC4,Wednesday,17:00 - 17:45,0,Available
NFC4,Thursday,08:00 - 08:50,1,Not Available
NFC4,Thursday,08:55 - 09:45,1,Not Available
NFC4,Thursday,10:15 - 11:05,1,Not Available
NFC4,Thursday,11:10 - 12:00,1,Not Available
NFC4,Thursday,13:00 - 14:00,0,Available
NFC4,Thursday,14:00 - 15:00,0,Available
NFC4,Thursday,15:00 - 16:00,0,Available
NFC4,Thursday,16:00 - 17:00,0,Available
NFC4,Thursday,17:00 - 17:45,0,Available
NFC4,Friday,08:00 - 08:50,1,Not Available
NFC4,Friday,08:55 - 09:45,1,Not Available
NFC4,Friday,10:15 - 11:05,1,Not Available
NFC4,Friday,11:10 - 12:00,1,Not Available
NFC4,Friday,13:00 - 14:00,1,Not Available
NFC4,Friday,14:00 - 15:00,1,Not Available
NFC4,Friday,15:00 - 16:00,0,Available
NFC4,Friday,16:00 - 17:00,0,Available
NFC4,Friday,17:00 - 17:45,0,Available
A1,Monday,08:00 - 08:50,1,Not Available
A1,Monday,08:55 - 09:45,1,Not Available
A1,Monday,10:15 - 11:05,1,Not Available
A1,Monday,11:10 - 12:00,1,Not Available
A1,Monday,13:00 - 14:00,0,Available
A1,Monday,14:00 - 15:00,1,Not Available
A1,Monday,15:00 - 16:00,0,Available
A1,Monday,16:00 - 17:00,0,Available
A1,Monday,17:00 - 17:45,0,Available
A1,Tuesday,08:00 - 08:50,0,Available
A1,Tuesday,08:55 - 09:45,1,Not Available
A1,Tuesday,10:15 - 11:05,1,Not Available
A1,Tuesday,11:10 - 12:00,1,Not Available
A1,Tuesday,13:00 - 14:00,1,Not Available
A1,Tuesday,14:00 - 15:00,1,Not Available
A1,Tuesday,15:00 - 16:00,0,Available
A1,Tuesday,16:00 - 17:00,1,Not Available
A1,Tuesday,17:00 - 17:45,1,Not Available
A1,Wednesday,08:00 - 08:50,1,Not Available
A1,Wednesday,08:55 - 09:45,1,Not Available
A1,Wednesday,10:15 - 11:05,0,Available
A1,Wednesday,11:10 - 12:00,0,Available
A1,Wednesday,13:00 - 14:00,1,Not Available
A1,Wednesday,14:00 - 15:00,1,Not Available
A1,Wednesday,15:00 - 16:00,1,Not Available
A1,Wednesday,16:00 - 17:00,1,Not Available
A1,Wednesday,17:00 - 17:45,0,Available
A1,Thursday,08:00 - 08:50,1,Not Available
A1,Thursday,08:55 - 09:45,1,Not Available
A1,Thursday,10:15 - 11:05,1,Not Available
A1,Thursday,11:10 - 12:00,1,Not Available
A1,Thursday,13:00 - 14:00,0,Available
A1,Thursday,14:00 - 15:00,0,Available
A1,Thursday,15:00 - 16:00,0,Available
A1,Thursday,16:00 - 17:00,0,Available
A1,Thursday,17:00 - 17:45,0,Available
A1,Friday,08:00 - 08:50,1,Not Available
A1,Friday,08:55 - 09:45,0,Available
A1,Friday,10:15 - 11:05,0,Available
A1,Friday,11:10 - 12:00,0,Available
A1,Friday,13:00 - 14:00,0,Available
A1,Friday,14:00 - 15:00,1,Not Available
A1,Friday,15:00 - 16:00,1,Not Available
A1,Friday,16:00 - 17:00,0,Available
A1,Friday,17:00 - 17:45,0,Available
Stat Lab1,Monday,08:00 - 08:50,0,Available
Stat Lab1,Monday,08:55 - 09:45,0,Available
Stat Lab1,Monday,10:15 - 11:05,0,Available
Stat Lab1,Monday,11:10 - 12:00,0,Available
Stat Lab1,Monday,13:00 - 14:00,0,Available
Stat Lab1,Monday,14:00 - 15:00,0,Available
Stat Lab1,Monday,15:00 - 16:00,0,Available
Stat Lab1,Monday,16:00 - 17:00,0,Available
Stat Lab1,Monday,17:00 - 17:45,0,Available
Stat Lab1,Tuesday,08:00 - 08:50,1,Not Available
Stat Lab1,Tuesday,08:55 - 09:45,1,Not Available
Stat Lab1,Tuesday,10:15 - 11:05,0,Available
Stat Lab1,Tuesday,11:10 - 12:00,0,Available
Stat Lab1,Tuesday,13:00 - 14:00,1,Not Available
Stat Lab1,Tuesday,14:00 - 15:00,1,Not Available
Stat Lab1,Tuesday,15:00 - 16:00,0,Available
Stat Lab1,Tuesday,16:00 - 17:00,0,Available
Stat Lab1,Tuesday,17:00 - 17:45,0,Available
Stat Lab1,Wednesday,08:00 - 08:50,1,Not Available
Stat Lab1,Wednesday,08:55 - 09:45,1,Not Available
Stat Lab1,Wednesday,10:15 - 11:05,0,Available
Stat Lab1,Wednesday,11:10 - 12:00,0,Available
Stat Lab1,Wednesday,13:00 - 14:00,0,Available
Stat Lab1,Wednesday,14:00 - 15:00,0,Available
Stat Lab1,Wednesday,15:00 - 16:00,0,Available
Stat Lab1,Wednesday,16:00 - 17:00,0,Available
Stat Lab1,Wednesday,17:00 - 17:45,0,Available
Stat Lab1,Thursday,08:00 - 08:50,0,Available
Stat Lab1,Thursday,08:55 - 09:45,0,Available
Stat Lab1,Thursday,10:15 - 11:05,0,Available
Stat Lab1,Thursday,11:10 - 12:00,0,Available
Stat Lab1,Thursday,13:00 - 14:00,0,Available
Stat Lab1,Thursday,14:00 - 15:00,0,Available
Stat Lab1,Thursday,15:00 - 16:00,0,Available
Stat Lab1,Thursday,16:00 - 17:00,0,Available
Stat Lab1,Thursday,17:00 - 17:45,0,Available
Stat Lab1,Friday,08:00 - 08:50,0,Available
Stat Lab1,Friday,08:55 - 09:45,0,Available
Stat Lab1,Friday,10:15 - 11:05,0,Available
Stat Lab1,Friday,11:10 - 12:00,0,Available
Stat Lab1,Friday,13:00 - 14:00,0,Available
Stat Lab1,Friday,14:00 - 15:00,0,Available
Stat Lab1,Friday,15:00 - 16:00,0,Available
Stat Lab1,Friday,16:00 - 17:00,0,Available
Stat Lab1,Friday,17:00 - 17:45,0,Available
Stat Lab2,Monday,08:00 - 08:50,1,Not Available
Stat Lab2,Monday,08:55 - 09:45,1,Not Available
Stat Lab2,Monday,10:15 - 11:05,0,Available
Stat Lab2,Monday,11:10 - 12:00,0,Available
Stat Lab2,Monday,13:00 - 14:00,0,Available
Stat Lab2,Monday,14:00 - 15:00,0,Available
Stat Lab2,Monday,15:00 - 16:00,0,Available
Stat Lab2,Monday,16:00 - 17:00,0,Available
Stat Lab2,Monday,17:00 - 17:45,0,Available
Stat Lab2,Tuesday,08:00 - 08:50,0,Available
Stat Lab2,Tuesday,08:55 - 09:45,0,Available
Stat Lab2,Tuesday,10:15 - 11:05,0,Available
Stat Lab2,Tuesday,11:10 - 12:00,0,Available
Stat Lab2,Tuesday,13:00 - 14:00,1,Not Available
Stat Lab2,Tuesday,14:00 - 15:00,1,Not Available
Stat Lab2,Tuesday,15:00 - 16:00,0,Available
Stat Lab2,Tuesday,16:00 - 17:00,0,Available
Stat Lab2,Tuesday,17:00 - 17:45,0,Available
Stat Lab2,Wednesday,08:00 - 08:50,1,Not Available
Stat Lab2,Wednesday,08:55 - 09:45,1,Not Available
Stat Lab2,Wednesday,10:15 - 11:05,1,Not Available
Stat Lab2,Wednesday,11:10 - 12:00,1,Not Available
Stat Lab2,Wednesday,13:00 - 14:00,0,Available
Stat Lab2,Wednesday,14:00 - 15:00,0,Available
Stat Lab2,Wednesday,15:00 - 16:00,0,Available
Stat Lab2,Wednesday,16:00 - 17:00,0,Available
Stat Lab2,Wednesday,17:00 - 17:45,0,Available
Stat Lab2,Thursday,08:00 - 08:50,1,Not Available
Stat Lab2,Thursday,08:55 - 09:45,1,Not Available
Stat Lab2,Thursday,10:15 - 11:05,0,Available
Stat Lab2,Thursday,11:10 - 12:00,0,Available
Stat Lab2,Thursday,13:00 - 14:00,0,Available
Stat Lab2,Thursday,14:00 - 15:00,0,Available
Stat Lab2,Thursday,15:00 - 16:00,0,Available
Stat Lab2,Thursday,16:00 - 17:00,0,Available
Stat Lab2,Thursday,17:00 - 17:45,0,Available
Stat Lab2,Friday,08:00 - 08:50,0,Available
Stat Lab2,Friday,08:55 - 09:45,0,Available
Stat Lab2,Friday,10:15 - 11:05,0,Available
Stat Lab2,Friday,11:10 - 12:00,0,Available
Stat Lab2,Friday,13:00 - 14:00,1,Not Available
Stat Lab2,Friday,14:00 - 15:00,1,Not Available
Stat Lab2,Friday,15:00 - 16:00,0,Available
Stat Lab2,Friday,16:00 - 17:00,0,Available
Stat Lab2,Friday,17:00 - 17:45,0,Available
F1,Monday,08:00 - 08:50,1,Not Available
F1,Monday,08:55 - 09:45,1,Not Available
F1,Monday,10:15 - 11:05,1,Not Available
F1,Monday,11:10 - 12:00,1,Not Available
F1,Monday,13:00 - 14:00,1,Not Available
F1,Monday,14:00 - 15:00,1,Not Available
F1,Monday,15:00 - 16:00,1,Not Available
F1,Monday,16:00 - 17:00,1,Not Available
F1,Monday,17:00 - 17:45,0,Available
F1,Tuesday,08:00 - 08:50,0,Available
F1,Tuesday,08:55 - 09:45,1,Not Available
F1,Tuesday,10:15 - 11:05,1,Not Available
F1,Tuesday,11:10 - 12:00,1,Not Available
F1,Tuesday,13:00 - 14:00,1,Not Available
F1,Tuesday,14:00 - 15:00,1,Not Available
F1,Tuesday,15:00 - 16:00,0,Available
F1,Tuesday,16:00 - 17:00,0,Available
F1,Tuesday,17:00 - 17:45,0,Available
F1,Wednesday,08:00 - 08:50,1,Not Available
F1,Wednesday,08:55 - 09:45,1,Not Available
F1,Wednesday,10:15 - 11:05,1,Not Available
F1,Wednesday,11:10 - 12:00,1,Not Available
F1,Wednesday,13:00 - 14:00,0,Available
F1,Wednesday,14:00 - 15:00,0,Available
F1,Wednesday,15:00 - 16:00,0,Available
F1,Wednesday,16:00 - 17:00,0,Available
F1,Wednesday,17:00 - 17:45,0,Available
F1,Thursday,08:00 - 08:50,1,Not Available
F1,Thursday,08:55 - 09:45,1,Not Available
F1,Thursday,10:15 - 11:05,0,Available
F1,Thursday,11:10 - 12:00,0,Available
F1,Thursday,13:00 - 14:00,1,Not Available
F1,Thursday,14:00 - 15:00,1,Not Available
F1,Thursday,15:00 - 16:00,0,Available
F1,Thursday,16:00 - 17:00,0,Available
F1,Thursday,17:00 - 17:45,0,Available
F1,Friday,08:00 - 08:50,1,Not Available
F1,Friday,08:55 - 09:45,0,Available
F1,Friday,10:15 - 11:05,1,Not Available
F1,Friday,11:10 - 12:00,1,Not Available
F1,Friday,13:00 - 14:00,1,Not Available
F1,Friday,14:00 - 15:00,0,Available
F1,Friday,15:00 - 16:00,0,Available
F1,Friday,16:00 - 17:00,0,Available
F1,Friday,17:00 - 17:45,0,Available
F1,Saturday,08:00 - 08:50,0,Available
F1,Saturday,08:55 - 09:45,0,Available
F1,Saturday,10:15 - 11:05,0,Available
F1,Saturday,11:10 - 12:00,0,Available
F1,Saturday,13:00 - 14:00,0,Available
F1,Saturday,14:00 - 15:00,0,Available
F1,Saturday,15:00 - 16:00,0,Available
F1,Saturday,16:00 - 17:00,0,Available
F1,Saturday,17:00 - 17:45,0,Available
F1,Sunday,08:00 - 08:50,0,Available
F1,Sunday,08:55 - 09:45,0,Available
F1,Sunday,10:15 - 11:05,0,Available
F1,Sunday,11:10 - 12:00,0,Available
F1,Sunday,13:00 - 14:00,0,Available
F1,Sunday,14:00 - 15:00,0,Available
F1,Sunday,15:00 - 16:00,0,Available
F1,Sunday,16:00 - 17:00,0,Available
F1,Sunday,17:00 - 17:45,0,Available
F2,Monday,08:00 - 08:50,1,Not Available
F2,Monday,08:55 - 09:45,1,Not Available
F2,Monday,10:15 - 11:05,1,Not Available
F2,Monday,11:10 - 12:00,1,Not Available
F2,Monday,13:00 - 14:00,0,Available
F2,Monday,14:00 - 15:00,0,Available
F2,Monday,15:00 - 16:00,0,Available
F2,Monday,16:00 - 17:00,0,Available
F2,Monday,17:00 - 17:45,0,Available
F2,Tuesday,08:00 - 08:50,1,Not Available
F2,Tuesday,08:55 - 09:45,1,Not Available
F2,Tuesday,10:15 - 11:05,1,Not Available
F2,Tuesday,11:10 - 12:00,1,Not Available
F2,Tuesday,13:00 - 14:00,1,Not Available
F2,Tuesday,14:00 - 15:00,0,Available
F2,Tuesday,15:00 - 16:00,0,Available
F2,Tuesday,16:00 - 17:00,0,Available
F2,Tuesday,17:00 - 17:45,0,Available
F2,Wednesday,08:00 - 08:50,1,Not Available
F2,Wednesday,08:55 - 09:45,1,Not Available
F2,Wednesday,10:15 - 11:05,1,Not Available
F2,Wednesday,11:10 - 12:00,1,Not Available
F2,Wednesday,13:00 - 14:00,1,Not Available
F2,Wednesday,14:00 - 15:00,1,Not Available
F2,Wednesday,15:00 - 16:00,1,Not Available
F2,Wednesday,16:00 - 17:00,1,Not Available
F2,Wednesday,17:00 - 17:45,0,Available
F2,Thursday,08:00 - 08:50,0,Available
F2,Thursday,08:55 - 09:45,0,Available
F2,Thursday,10:15 - 11:05,1,Not Available
F2,Thursday,11:10 - 12:00,1,Not Available
F2,Thursday,13:00 - 14:00,0,Available
F2,Thursday,14:00 - 15:00,1,Not Available
F2,Thursday,15:00 - 16:00,0,Available
F2,Thursday,16:00 - 17:00,0,Available
F2,Thursday,17:00 - 17:45,0,Available
F2,Friday,08:00 - 08:50,0,Available
F2,Friday,08:55 - 09:45,0,Available
F2,Friday,10:15 - 11:05,0,Available
F2,Friday,11:10 - 12:00,0,Available
F2,Friday,13:00 - 14:00,0,Available
F2,Friday,14:00 - 15:00,0,Available
F2,Friday,15:00 - 16:00,0,Available
F2,Friday,16:00 - 17:00,0,Available
F2,Friday,17:00 - 17:45,0,Available
F2,Saturday,08:00 - 08:50,0,Available
F2,Saturday,08:55 - 09:45,0,Available
F2,Saturday,10:15 - 11:05,0,Available
F2,Saturday,11:10 - 12:00,0,Available
F2,Saturday,13:00 - 14:00,0,Available
F2,Saturday,14:00 - 15:00,0,Available
F2,Saturday,15:00 - 16:00,0,Available
F2,Saturday,16:00 - 17:00,0,Available
F2,Saturday,17:00 - 17:45,0,Available
F2,Sunday,08:00 - 08:50,0,Available
F2,Sunday,08:55 - 09:45,0,Available
F2,Sunday,10:15 - 11:05,0,Available
F2,Sunday,11:10 - 12:00,0,Available
F2,Sunday,13:00 - 14:00,0,Available
F2,Sunday,14:00 - 15:00,0,Available
F2,Sunday,15:00 - 16:00,0,Available
F2,Sunday,16:00 - 17:00,0,Available
F2,Sunday,17:00 - 17:45,0,Available
F3,Monday,08:00 - 08:50,0,Available
F3,Monday,08:55 - 09:45,0,Available
F3,Monday,10:15 - 11:05,0,Available
F3,Monday,11:10 - 12:00,0,Available
F3,Monday,13:00 - 14:00,0,Available
F3,Monday,14:00 - 15:00,0,Available
F3,Monday,15:00 - 16:00,0,Available
F3,Monday,16:00 - 17:00,0,Available
F3,Monday,17:00 - 17:45,0,Available
F3,Tuesday,08:00 - 08:50,0,Available
F3,Tuesday,08:55 - 09:45,1,Not Available
F3,Tuesday,10:15 - 11:05,1,Not Available
F3,Tuesday,11:10 - 12:00,1,Not Available
F3,Tuesday,13:00 - 14:00,0,Available
F3,Tuesday,14:00 - 15:00,0,Available
F3,Tuesday,15:00 - 16:00,1,Not Available
F3,Tuesday,16:00 - 17:00,1,Not Available
F3,Tuesday,17:00 - 17:45,0,Available
F3,Wednesday,08:00 - 08:50,0,Available
F3,Wednesday,08:55 - 09:45,0,Available
F3,Wednesday,10:15 - 11:05,1,Not Available
F3,Wednesday,11:10 - 12:00,0,Available
F3,Wednesday,13:00 - 14:00,0,Available
F3,Wednesday,14:00 - 15:00,0,Available
F3,Wednesday,15:00 - 16:00,0,Available
F3,Wednesday,16:00 - 17:00,0,Available
F3,Wednesday,17:00 - 17:45,0,Available
F3,Thursday,08:00 - 08:50,1,Not Available
F3,Thursday,08:55 - 09:45,1,Not Available
F3,Thursday,10:15 - 11:05,1,Not Available
F3,Thursday,11:10 - 12:00,1,Not Available
F3,Thursday,13:00 - 14:00,1,Not Available
F3,Thursday,14:00 - 15:00,1,Not Available
F3,Thursday,15:00 - 16:00,0,Available
F3,Thursday,16:00 - 17:00,0,Available
F3,Thursday,17:00 - 17:45,0,Available
F3,Friday,08:00 - 08:50,1,Not Available
F3,Friday,08:55 - 09:45,0,Available
F3,Friday,10:15 - 11:05,0,Available
F3,Friday,11:10 - 12:00,0,Available
F3,Friday,13:00 - 14:00,0,Available
F3,Friday,14:00 - 15:00,0,Available
F3,Friday,15:00 - 16:00,0,Available
F3,Friday,16:00 - 17:00,0,Available
F3,Friday,17:00 - 17:45,0,Available
F3,Saturday,08:00 - 08:50,0,Available
F3,Saturday,08:55 - 09:45,0,Available
F3,Saturday,10:15 - 11:05,0,Available
F3,Saturday,11:10 - 12:00,0,Available
F3,Saturday,13:00 - 14:00,0,Available
F3,Saturday,14:00 - 15:00,0,Available
F3,Saturday,15:00 - 16:00,0,Available
F3,Saturday,16:00 - 17:00,0,Available
F3,Saturday,17:00 - 17:45,0,Available
F3,Sunday,08:00 - 08:50,0,Available
F3,Sunday,08:55 - 09:45,0,Available
F3,Sunday,10:15 - 11:05,0,Available
F3,Sunday,11:10 - 12:00,0,Available
F3,Sunday,13:00 - 14:00,0,Available
F3,Sunday,14:00 - 15:00,0,Available
F3,Sunday,15:00 - 16:00,0,Available
F3,Sunday,16:00 - 17:00,0,Available
F3,Sunday,17:00 - 17:45,0,Available
SP- Forestry,Monday,08:00 - 08:50,0,Available
SP- Forestry,Monday,08:55 - 09:45,0,Available
SP- Forestry,Monday,10:15 - 11:05,0,Available
SP- Forestry,Monday,11:10 - 12:00,0,Available
SP- Forestry,Monday,13:00 - 14:00,0,Available
SP- Forestry,Monday,14:00 - 15:00,0,Available
SP- Forestry,Monday,15:00 - 16:00,0,Available
SP- Forestry,Monday,16:00 - 17:00,0,Available
SP- Forestry,Monday,17:00 - 17:45,0,Available
SP- Forestry,Tuesday,08:00 - 08:50,0,Available
SP- Forestry,Tuesday,08:55 - 09:45,0,Available
SP- Forestry,Tuesday,10:15 - 11:05,0,Available
SP- Forestry,Tuesday,11:10 - 12:00,0,Available
SP- Forestry,Tuesday,13:00 - 14:00,0,Available
SP- Forestry,Tuesday,14:00 - 15:00,0,Available
SP- Forestry,Tuesday,15:00 - 16:00,0,Available
SP- Forestry,Tuesday,16:00 - 17:00,0,Available
SP- Forestry,Tuesday,17:00 - 17:45,0,Available
SP- Forestry,Wednesday,08:00 - 08:50,0,Available
SP- Forestry,Wednesday,08:55 - 09:45,0,Available
SP- Forestry,Wednesday,10:15 - 11:05,0,Available
SP- Forestry,Wednesday,11:10 - 12:00,0,Available
SP- Forestry,Wednesday,13:00 - 14:00,1,Not Available
SP- Forestry,Wednesday,14:00 - 15:00,1,Not Available
SP- Forestry,Wednesday,15:00 - 16:00,1,Not Available
SP- Forestry,Wednesday,16:00 - 17:00,1,Not Available
SP- Forestry,Wednesday,17:00 - 17:45,0,Available
SP- Forestry,Thursday,08:00 - 08:50,0,Available
SP- Forestry,Thursday,08:55 - 09:45,0,Available
SP- Forestry,Thursday,10:15 - 11:05,1,Not Available
SP- Forestry,Thursday,11:10 - 12:00,1,Not Available
SP- Forestry,Thursday,13:00 - 14:00,0,Available
SP- Forestry,Thursday,14:00 - 15:00,0,Available
SP- Forestry,Thursday,15:00 - 16:00,0,Available
SP- Forestry,Thursday,16:00 - 17:00,0,Available
SP- Forestry,Thursday,17:00 - 17:45,0,Available
SP- Forestry,Friday,08:00 - 08:50,0,Available
SP- Forestry,Friday,08:55 - 09:45,0,Available
SP- Forestry,Friday,10:15 - 11:05,0,Available
SP- Forestry,Friday,11:10 - 12:00,0,Available
SP- Forestry,Friday,13:00 - 14:00,0,Available
SP- Forestry,Friday,14:00 - 15:00,0,Available
SP- Forestry,Friday,15:00 - 16:00,0,Available
SP- Forestry,Friday,16:00 - 17:00,0,Available
SP- Forestry,Friday,17:00 - 17:45,0,Available
SP- Forestry,Saturday,08:00 - 08:50,0,Available
SP- Forestry,Saturday,08:55 - 09:45,0,Available
SP- Forestry,Saturday,10:15 - 11:05,0,Available
SP- Forestry,Saturday,11:10 - 12:00,0,Available
SP- Forestry,Saturday,13:00 - 14:00,0,Available
SP- Forestry,Saturday,14:00 - 15:00,0,Available
SP- Forestry,Saturday,15:00 - 16:00,0,Available
SP- Forestry,Saturday,16:00 - 17:00,0,Available
SP- Forestry,Saturday,17:00 - 17:45,0,Available
SP- Forestry,Sunday,08:00 - 08:50,0,Available
SP- Forestry,Sunday,08:55 - 09:45,0,Available
SP- Forestry,Sunday,10:15 - 11:05,0,Available
SP- Forestry,Sunday,11:10 - 12:00,0,Available
SP- Forestry,Sunday,13:00 - 14:00,0,Available
SP- Forestry,Sunday,14:00 - 15:00,0,Available
SP- Forestry,Sunday,15:00 - 16:00,0,Available
SP- Forestry,Sunday,16:00 - 17:00,0,Available
SP- Forestry,Sunday,17:00 - 17:45,0,Available
NFC3,Monday,08:00 - 08:50,1,Not Available
NFC3,Monday,08:55 - 09:45,1,Not Available
NFC3,Monday,10:15 - 11:05,1,Not Available
NFC3,Monday,11:10 - 12:00,1,Not Available
NFC3,Monday,13:00 - 14:00,0,Available
NFC3,Monday,14:00 - 15:00,1,Not Available
NFC3,Monday,15:00 - 16:00,1,Not Available
NFC3,Monday,16:00 - 17:00,1,Not Available
NFC3,Monday,17:00 - 17:45,1,Not Available
NFC3,Tuesday,08:00 - 08:50,1,Not Available
NFC3,Tuesday,08:55 - 09:45,1,Not Available
NFC3,Tuesday,10:15 - 11:05,1,Not Available
NFC3,Tuesday,11:10 - 12:00,1,Not Available
NFC3,Tuesday,13:00 - 14:00,1,Not Available
NFC3,Tuesday,14:00 - 15:00,1,Not Available
NFC3,Tuesday,15:00 - 16:00,0,Available
NFC3,Tuesday,16:00 - 17:00,0,Available
NFC3,Tuesday,17:00 - 17:45,0,Available
NFC3,Wednesday,08:00 - 08:50,1,Not Available
NFC3,Wednesday,08:55 - 09:45,1,Not Available
NFC3,Wednesday,10:15 - 11:05,1,Not Available
NFC3,Wednesday,11:10 - 12:00,1,Not Available
NFC3,Wednesday,13:00 - 14:00,1,Not Available
NFC3,Wednesday,14:00 - 15:00,1,Not Available
NFC3,Wednesday,15:00 - 16:00,0,Available
NFC3,Wednesday,16:00 - 17:00,0,Available
NFC3,Wednesday,17:00 - 17:45,0,Available
NFC3,Thursday,08:00 - 08:50,0,Available
NFC3,Thursday,08:55 - 09:45,0,Available
NFC3,Thursday,10:15 - 11:05,1,Not Available
NFC3,Thursday,11:10 - 12:00,1,Not Available
NFC3,Thursday,13:00 - 14:00,1,Not Available
NFC3,Thursday,14:00 - 15:00,1,Not Available
NFC3,Thursday,15:00 - 16:00,0,Available
NFC3,Thursday,16:00 - 17:00,0,Available
NFC3,Thursday,17:00 - 17:45,0,Available
NFC3,Friday,08:00 - 08:50,0,Available
NFC3,Friday,08:55 - 09:45,0,Available
NFC3,Friday,10:15 - 11:05,1,Not Available
NFC3,Friday,11:10 - 12:00,1,Not Available
NFC3,Friday,13:00 - 14:00,0,Available
NFC3,Friday,14:00 - 15:00,0,Available
NFC3,Friday,15:00 - 16:00,0,Available
NFC3,Friday,16:00 - 17:00,0,Available
NFC3,Friday,17:00 - 17:45,0,Available
NFC3,Saturday,08:00 - 08:50,0,Available
NFC3,Saturday,08:55 - 09:45,0,Available
NFC3,Saturday,10:15 - 11:05,0,Available
NFC3,Saturday,11:10 - 12:00,0,Available
NFC3,Saturday,13:00 - 14:00,0,Available
NFC3,Saturday,14:00 - 15:00,0,Available
NFC3,Saturday,15:00 - 16:00,0,Available
NFC3,Saturday,16:00 - 17:00,0,Available
NFC3,Saturday,17:00 - 17:45,0,Available
NFC3,Sunday,08:00 - 08:50,0,Available
NFC3,Sunday,08:55 - 09:45,0,Available
NFC3,Sunday,10:15 - 11:05,0,Available
NFC3,Sunday,11:10 - 12:00,0,Available
NFC3,Sunday,13:00 - 14:00,0,Available
NFC3,Sunday,14:00 - 15:00,0,Available
NFC3,Sunday,15:00 - 16:00,0,Available
NFC3,Sunday,16:00 - 17:00,0,Available
NFC3,Sunday,17:00 - 17:45,0,Available
LCS2,Monday,08:00 - 08:50,1,Not Available
LCS2,Monday,08:55 - 09:45,1,Not Available
LCS2,Monday,10:15 - 11:05,1,Not Available
LCS2,Monday,11:10 - 12:00,1,Not Available
LCS2,Monday,13:00 - 14:00,1,Not Available
LCS2,Monday,14:00 - 15:00,1,Not Available
LCS2,Monday,15:00 - 16:00,0,Available
LCS2,Monday,16:00 - 17:00,0,Available
LCS2,Monday,17:00 - 17:45,0,Available
LCS2,Tuesday,08:00 - 08:50,1,Not Available
LCS2,Tuesday,08:55 - 09:45,1,Not Available
LCS2,Tuesday,10:15 - 11:05,1,Not Available
LCS2,Tuesday,11:10 - 12:00,1,Not Available
LCS2,Tuesday,13:00 - 14:00,1,Not Available
LCS2,Tuesday,14:00 - 15:00,1,Not Available
LCS2,Tuesday,15:00 - 16:00,0,Available
LCS2,Tuesday,16:00 - 17:00,0,Available
LCS2,Tuesday,17:00 - 17:45,0,Available
LCS2,Wednesday,08:00 - 08:50,0,Available
LCS2,Wednesday,08:55 - 09:45,0,Available
LCS2,Wednesday,10:15 - 11:05,1,Not Available
LCS2,Wednesday,11:10 - 12:00,1,Not Available
LCS2,Wednesday,13:00 - 14:00,1,Not Available
LCS2,Wednesday,14:00 - 15:00,1,Not Available
LCS2,Wednesday,15:00 - 16:00,0,Available
LCS2,Wednesday,16:00 - 17:00,0,Available
LCS2,Wednesday,17:00 - 17:45,0,Available
LCS2,Thursday,08:00 - 08:50,1,Not Available
LCS2,Thursday,08:55 - 09:45,1,Not Available
LCS2,Thursday,10:15 - 11:05,1,Not Available
LCS2,Thursday,11:10 - 12:00,1,Not Available
LCS2,Thursday,13:00 - 14:00,0,Available
LCS2,Thursday,14:00 - 15:00,0,Available
LCS2,Thursday,15:00 - 16:00,0,Available
LCS2,Thursday,16:00 - 17:00,0,Available
LCS2,Thursday,17:00 - 17:45,0,Available
LCS2,Friday,08:00 - 08:50,0,Available
LCS2,Friday,08:55 - 09:45,0,Available
LCS2,Friday,10:15 - 11:05,1,Not Available
LCS2,Friday,11:10 - 12:00,1,Not Available
LCS2,Friday,13:00 - 14:00,0,Available
LCS2,Friday,14:00 - 15:00,0,Available
LCS2,Friday,15:00 - 16:00,0,Available
LCS2,Friday,16:00 - 17:00,0,Available
LCS2,Friday,17:00 - 17:45,0,Available
LCS2,Saturday,08:00 - 08:50,0,Available
LCS2,Saturday,08:55 - 09:45,0,Available
LCS2,Saturday,10:15 - 11:05,0,Available
LCS2,Saturday,11:10 - 12:00,0,Available
LCS2,Saturday,13:00 - 14:00,0,Available
LCS2,Saturday,14:00 - 15:00,0,Available
LCS2,Saturday,15:00 - 16:00,0,Available
LCS2,Saturday,16:00 - 17:00,0,Available
LCS2,Saturday,17:00 - 17:45,0,Available
LCS2,Sunday,08:00 - 08:50,0,Available
LCS2,Sunday,08:55 - 09:45,0,Available
LCS2,Sunday,10:15 - 11:05,0,Available
LCS2,Sunday,11:10 - 12:00,0,Available
LCS2,Sunday,13:00 - 14:00,0,Available
LCS2,Sunday,14:00 - 15:00,0,Available
LCS2,Sunday,15:00 - 16:00,0,Available
LCS2,Sunday,16:00 - 17:00,0,Available
LCS2,Sunday,17:00 - 17:45,0,Available
LCS1,Monday,08:00 - 08:50,1,Not Available
LCS1,Monday,08:55 - 09:45,1,Not Available
LCS1,Monday,10:15 - 11:05,0,Available
LCS1,Monday,11:10 - 12:00,0,Available
LCS1,Monday,13:00 - 14:00,0,Available
LCS1,Monday,14:00 - 15:00,1,Not Available
LCS1,Monday,15:00 - 16:00,1,Not Available
LCS1,Monday,16:00 - 17:00,0,Available
LCS1,Monday,17:00 - 17:45,0,Available
LCS1,Tuesday,08:00 - 08:50,1,Not Available
LCS1,Tuesday,08:55 - 09:45,1,Not Available
LCS1,Tuesday,10:15 - 11:05,1,Not Available
LCS1,Tuesday,11:10 - 12:00,1,Not Available
LCS1,Tuesday,13:00 - 14:00,0,Available
LCS1,Tuesday,14:00 - 15:00,0,Available
LCS1,Tuesday,15:00 - 16:00,0,Available
LCS1,Tuesday,16:00 - 17:00,0,Available
LCS1,Tuesday,17:00 - 17:45,0,Available
LCS1,Wednesday,08:00 - 08:50,0,Available
LCS1,Wednesday,08:55 - 09:45,0,Available
LCS1,Wednesday,10:15 - 11:05,0,Available
LCS1,Wednesday,11:10 - 12:00,0,Available
LCS1,Wednesday,13:00 - 14:00,1,Not Available
LCS1,Wednesday,14:00 - 15:00,1,Not Available
LCS1,Wednesday,15:00 - 16:00,1,Not Available
LCS1,Wednesday,16:00 - 17:00,0,Available
LCS1,Wednesday,17:00 - 17:45,0,Available
LCS1,Thursday,08:00 - 08:50,1,Not Available
LCS1,Thursday,08:55 - 09:45,1,Not Available
LCS1,Thursday,10:15 - 11:05,1,Not Available
LCS1,Thursday,11:10 - 12:00,1,Not Available
LCS1,Thursday,13:00 - 14:00,1,Not Available
LCS1,Thursday,14:00 - 15:00,1,Not Available
LCS1,Thursday,15:00 - 16:00,0,Available
LCS1,Thursday,16:00 - 17:00,0,Available
LCS1,Thursday,17:00 - 17:45,0,Available
LCS1,Friday,08:00 - 08:50,1,Not Available
LCS1,Friday,08:55 - 09:45,1,Not Available
LCS1,Friday,10:15 - 11:05,1,Not Available
LCS1,Friday,11:10 - 12:00,1,Not Available
LCS1,Friday,13:00 - 14:00,1,Not Available
LCS1,Friday,14:00 - 15:00,1,Not Available
LCS1,Friday,15:00 - 16:00,1,Not Available
LCS1,Friday,16:00 - 17:00,0,Available
LCS1,Friday,17:00 - 17:45,0,Available
LCS1,Saturday,08:00 - 08:50,0,Available
LCS1,Saturday,08:55 - 09:45,0,Available
LCS1,Saturday,10:15 - 11:05,0,Available
LCS1,Saturday,11:10 - 12:00,0,Available
LCS1,Saturday,13:00 - 14:00,0,Available
LCS1,Saturday,14:00 - 15:00,0,Available
LCS1,Saturday,15:00 - 16:00,0,Available
LCS1,Saturday,16:00 - 17:00,0,Available
LCS1,Saturday,17:00 - 17:45,0,Available
LCS1,Sunday,08:00 - 08:50,0,Available
LCS1,Sunday,08:55 - 09:45,0,Available
LCS1,Sunday,10:15 - 11:05,0,Available
LCS1,Sunday,11:10 - 12:00,0,Available
LCS1,Sunday,13:00 - 14:00,0,Available
LCS1,Sunday,14:00 - 15:00,0,Available
LCS1,Sunday,15:00 - 16:00,0,Available
LCS1,Sunday,16:00 - 17:00,0,Available
LCS1,Sunday,17:00 - 17:45,0,Available
NFC5,Monday,08:00 - 08:50,1,Not Available
NFC5,Monday,08:55 - 09:45,1,Not Available
NFC5,Monday,10:15 - 11:05,1,Not Available
NFC5,Monday,11:10 - 12:00,1,Not Available
NFC5,Monday,13:00 - 14:00,1,Not Available
NFC5,Monday,14:00 - 15:00,1,Not Available
NFC5,Monday,15:00 - 16:00,0,Available
NFC5,Monday,16:00 - 17:00,0,Available
NFC5,Monday,17:00 - 17:45,0,Available
NFC5,Tuesday,08:00 - 08:50,0,Available
NFC5,Tuesday,08:55 - 09:45,1,Not Available
NFC5,Tuesday,10:15 - 11:05,1,Not Available
NFC5,Tuesday,11:10 - 12:00,1,Not Available
NFC5,Tuesday,13:00 - 14:00,0,Available
NFC5,Tuesday,14:00 - 15:00,1,Not Available
NFC5,Tuesday,15:00 - 16:00,0,Available
NFC5,Tuesday,16:00 - 17:00,0,Available
NFC5,Tuesday,17:00 - 17:45,0,Available
NFC5,Wednesday,08:00 - 08:50,1,Not Available
NFC5,Wednesday,08:55 - 09:45,1,Not Available
NFC5,Wednesday,10:15 - 11:05,1,Not Available
NFC5,Wednesday,11:10 - 12:00,1,Not Available
NFC5,Wednesday,13:00 - 14:00,0,Available
NFC5,Wednesday,14:00 - 15:00,0,Available
NFC5,Wednesday,15:00 - 16:00,0,Available
NFC5,Wednesday,16:00 - 17:00,0,Available
NFC5,Wednesday,17:00 - 17:45,0,Available
NFC5,Thursday,08:00 - 08:50,1,Not Available
NFC5,Thursday,08:55 - 09:45,1,Not Available
NFC5,Thursday,10:15 - 11:05,1,Not Available
NFC5,Thursday,11:10 - 12:00,1,Not Available
NFC5,Thursday,13:00 - 14:00,1,Not Available
NFC5,Thursday,14:00 - 15:00,1,Not Available
NFC5,Thursday,15:00 - 16:00,0,Available
NFC5,Thursday,16:00 - 17:00,0,Available
NFC5,Thursday,17:00 - 17:45,0,Available
NFC5,Friday,08:00 - 08:50,0,Available
NFC5,Friday,08:55 - 09:45,1,Not Available
NFC5,Friday,10:15 - 11:05,1,Not Available
NFC5,Friday,11:10 - 12:00,1,Not Available
NFC5,Friday,13:00 - 14:00,1,Not Available
NFC5,Friday,14:00 - 15:00,1,Not Available
NFC5,Friday,15:00 - 16:00,1,Not Available
NFC5,Friday,16:00 - 17:00,0,Available
NFC5,Friday,17:00 - 17:45,0,Available
NFC5,Saturday,08:00 - 08:50,0,Available
NFC5,Saturday,08:55 - 09:45,0,Available
NFC5,Saturday,10:15 - 11:05,0,Available
NFC5,Saturday,11:10 - 12:00,0,Available
NFC5,Saturday,13:00 - 14:00,0,Available
NFC5,Saturday,14:00 - 15:00,0,Available
NFC5,Saturday,15:00 - 16:00,0,Available
NFC5,Saturday,16:00 - 17:00,0,Available
NFC5,Saturday,17:00 - 17:45,0,Available
NFC5,Sunday,08:00 - 08:50,0,Available
NFC5,Sunday,08:55 - 09:45,0,Available
NFC5,Sunday,10:15 - 11:05,0,Available
NFC5,Sunday,11:10 - 12:00,0,Available
NFC5,Sunday,13:00 - 14:00,0,Available
NFC5,Sunday,14:00 - 15:00,0,Available
NFC5,Sunday,15:00 - 16:00,0,Available
NFC5,Sunday,16:00 - 17:00,0,Available
NFC5,Sunday,17:00 - 17:45,0,Available
NFC2,Monday,08:00 - 08:50,1,Not Available
NFC2,Monday,08:55 - 09:45,0,Available
NFC2,Monday,10:15 - 11:05,1,Not Available
NFC2,Monday,11:10 - 12:00,1,Not Available
NFC2,Monday,13:00 - 14:00,0,Available
NFC2,Monday,14:00 - 15:00,0,Available
NFC2,Monday,15:00 - 16:00,0,Available
NFC2,Monday,16:00 - 17:00,0,Available
NFC2,Monday,17:00 - 17:45,0,Available
NFC2,Tuesday,08:00 - 08:50,0,Available
NFC2,Tuesday,08:55 - 09:45,0,Available
NFC2,Tuesday,10:15 - 11:05,1,Not Available
NFC2,Tuesday,11:10 - 12:00,1,Not Available
NFC2,Tuesday,13:00 - 14:00,0,Available
NFC2,Tuesday,14:00 - 15:00,0,Available
NFC2,Tuesday,15:00 - 16:00,0,Available
NFC2,Tuesday,16:00 - 17:00,0,Available
NFC2,Tuesday,17:00 - 17:45,0,Available
NFC2,Wednesday,08:00 - 08:50,1,Not Available
NFC2,Wednesday,08:55 - 09:45,0,Available
NFC2,Wednesday,10:15 - 11:05,1,Not Available
NFC2,Wednesday,11:10 - 12:00,0,Available
NFC2,Wednesday,13:00 - 14:00,1,Not Available
NFC2,Wednesday,14:00 - 15:00,1,Not Available
NFC2,Wednesday,15:00 - 16:00,0,Available
NFC2,Wednesday,16:00 - 17:00,0,Available
NFC2,Wednesday,17:00 - 17:45,0,Available
NFC2,Thursday,08:00 - 08:50,1,Not Available
NFC2,Thursday,08:55 - 09:45,1,Not Available
NFC2,Thursday,10:15 - 11:05,1,Not Available
NFC2,Thursday,11:10 - 12:00,1,Not Available
NFC2,Thursday,13:00 - 14:00,0,Available
NFC2,Thursday,14:00 - 15:00,0,Available
NFC2,Thursday,15:00 - 16:00,0,Available
NFC2,Thursday,16:00 - 17:00,0,Available
NFC2,Thursday,17:00 - 17:45,0,Available
NFC2,Friday,08:00 - 08:50,1,Not Available
NFC2,Friday,08:55 - 09:45,1,Not Available
NFC2,Friday,10:15 - 11:05,1,Not Available
NFC2,Friday,11:10 - 12:00,1,Not Available
NFC2,Friday,13:00 - 14:00,1,Not Available
NFC2,Friday,14:00 - 15:00,1,Not Available
NFC2,Friday,15:00 - 16:00,1,Not Available
NFC2,Friday,16:00 - 17:00,1,Not Available
NFC2,Friday,17:00 - 17:45,1,Not Available
NFC2,Saturday,08:00 - 08:50,0,Available
NFC2,Saturday,08:55 - 09:45,0,Available
NFC2,Saturday,10:15 - 11:05,0,Available
NFC2,Saturday,11:10 - 12:00,0,Available
NFC2,Saturday,13:00 - 14:00,0,Available
NFC2,Saturday,14:00 - 15:00,0,Available
NFC2,Saturday,15:00 - 16:00,0,Available
NFC2,Saturday,16:00 - 17:00,0,Available
NFC2,Saturday,17:00 - 17:45,0,Available
NFC2,Sunday,08:00 - 08:50,0,Available
NFC2,Sunday,08:55 - 09:45,0,Available
NFC2,Sunday,10:15 - 11:05,0,Available
NFC2,Sunday,11:10 - 12:00,0,Available
NFC2,Sunday,13:00 - 14:00,0,Available
NFC2,Sunday,14:00 - 15:00,0,Available
NFC2,Sunday,15:00 - 16:00,0,Available
NFC2,Sunday,16:00 - 17:00,0,Available
NFC2,Sunday,17:00 - 17:45,0,Available
NFC6,Monday,08:00 - 08:50,1,Not Available
NFC6,Monday,08:55 - 09:45,1,Not Available
NFC6,Monday,10:15 - 11:05,1,Not Available
NFC6,Monday,11:10 - 12:00,1,Not Available
NFC6,Monday,13:00 - 14:00,1,Not Available
NFC6,Monday,14:00 - 15:00,1,Not Available
NFC6,Monday,15:00 - 16:00,1,Not Available
NFC6,Monday,16:00 - 17:00,1,Not Available
NFC6,Monday,17:00 - 17:45,1,Not Available
NFC6,Tuesday,08:00 - 08:50,1,Not Available
NFC6,Tuesday,08:55 - 09:45,1,Not Available
NFC6,Tuesday,10:15 - 11:05,1,Not Available
NFC6,Tuesday,11:10 - 12:00,1,Not Available
NFC6,Tuesday,13:00 - 14:00,1,Not Available
NFC6,Tuesday,14:00 - 15:00,1,Not Available
NFC6,Tuesday,15:00 - 16:00,1,Not Available
NFC6,Tuesday,16:00 - 17:00,1,Not Available
NFC6,Tuesday,17:00 - 17:45,1,Not Available
NFC6,Wednesday,08:00 - 08:50,1,Not Available
NFC6,Wednesday,08:55 - 09:45,1,Not Available
NFC6,Wednesday,10:15 - 11:05,1,Not Available
NFC6,Wednesday,11:10 - 12:00,1,Not Available
NFC6,Wednesday,13:00 - 14:00,1,Not Available
NFC6,Wednesday,14:00 - 15:00,1,Not Available
NFC6,Wednesday,15:00 - 16:00,1,Not Available
NFC6,Wednesday,16:00 - 17:00,1,Not Available
NFC6,Wednesday,17:00 - 17:45,0,Available
NFC6,Thursday,08:00 - 08:50,1,Not Available
NFC6,Thursday,08:55 - 09:45,1,Not Available
NFC6,Thursday,10:15 - 11:05,1,Not Available
NFC6,Thursday,11:10 - 12:00,1,Not Available
NFC6,Thursday,13:00 - 14:00,1,Not Available
NFC6,Thursday,14:00 - 15:00,1,Not Available
NFC6,Thursday,15:00 - 16:00,0,Available
NFC6,Thursday,16:00 - 17:00,0,Available
NFC6,Thursday,17:00 - 17:45,0,Available
NFC6,Friday,08:00 - 08:50,1,Not Available
NFC6,Friday,08:55 - 09:45,1,Not Available
NFC6,Friday,10:15 - 11:05,1,Not Available
NFC6,Friday,11:10 - 12:00,0,Available
NFC6,Friday,13:00 - 14:00,0,Available
NFC6,Friday,14:00 - 15:00,0,Available
NFC6,Friday,15:00 - 16:00,0,Available
NFC6,Friday,16:00 - 17:00,0,Available
NFC6,Friday,17:00 - 17:45,0,Available
NFC6,Saturday,08:00 - 08:50,1,Not Available
NFC6,Saturday,08:55 - 09:45,1,Not Available
NFC6,Saturday,10:15 - 11:05,1,Not Available
NFC6,Saturday,11:10 - 12:00,1,Not Available
NFC6,Saturday,13:00 - 14:00,0,Available
NFC6,Saturday,14:00 - 15:00,0,Available
NFC6,Saturday,15:00 - 16:00,0,Available
NFC6,Saturday,16:00 - 17:00,0,Available
NFC6,Saturday,17:00 - 17:45,0,Available
BLC,Monday,08:00 - 08:50,0,Available
BLC,Monday,08:55 - 09:45,0,Available
BLC,Monday,10:15 - 11:05,0,Available
BLC,Monday,11:10 - 12:00,0,Available
BLC,Monday,13:00 - 14:00,0,Available
BLC,Monday,14:00 - 15:00,0,Available
BLC,Monday,15:00 - 16:00,0,Available
BLC,Monday,16:00 - 17:00,0,Available
BLC,Monday,17:00 - 17:45,0,Available
BLC,Tuesday,08:00 - 08:50,1,Not Available
BLC,Tuesday,08:55 - 09:45,1,Not Available
BLC,Tuesday,10:15 - 11:05,0,Available
BLC,Tuesday,11:10 - 12:00,0,Available
BLC,Tuesday,13:00 - 14:00,0,Available
BLC,Tuesday,14:00 - 15:00,0,Available
BLC,Tuesday,15:00 - 16:00,0,Available
BLC,Tuesday,16:00 - 17:00,0,Available
BLC,Tuesday,17:00 - 17:45,0,Available
BLC,Wednesday,08:00 - 08:50,0,Available
BLC,Wednesday,08:55 - 09:45,0,Available
BLC,Wednesday,10:15 - 11:05,1,Not Available
BLC,Wednesday,11:10 - 12:00,1,Not Available
BLC,Wednesday,13:00 - 14:00,0,Available
BLC,Wednesday,14:00 - 15:00,0,Available
BLC,Wednesday,15:00 - 16:00,0,Available
BLC,Wednesday,16:00 - 17:00,1,Not Available
BLC,Wednesday,17:00 - 17:45,1,Not Available
BLC,Thursday,08:00 - 08:50,1,Not Available
BLC,Thursday,08:55 - 09:45,1,Not Available
BLC,Thursday,10:15 - 11:05,0,Available
BLC,Thursday,11:10 - 12:00,0,Available
BLC,Thursday,13:00 - 14:00,0,Available
BLC,Thursday,14:00 - 15:00,0,Available
BLC,Thursday,15:00 - 16:00,0,Available
BLC,Thursday,16:00 - 17:00,0,Available
BLC,Thursday,17:00 - 17:45,0,Available
BLC,Friday,08:00 - 08:50,0,Available
BLC,Friday,08:55 - 09:45,0,Available
BLC,Friday,10:15 - 11:05,0,Available
BLC,Friday,11:10 - 12:00,0,Available
BLC,Friday,13:00 - 14:00,0,Available
BLC,Friday,14:00 - 15:00,0,Available
BLC,Friday,15:00 - 16:00,0,Available
BLC,Friday,16:00 - 17:00,0,Available
BLC,Friday,17:00 - 17:45,0,Available
M1,Monday,08:00 - 08:50,1,Not Available
M1,Monday,08:55 - 09:45,1,Not Available
M1,Monday,10:15 - 11:05,0,Available
M1,Monday,11:10 - 12:00,0,Available
M1,Monday,13:00 - 14:00,1,Not Available
M1,Monday,14:00 - 15:00,1,Not Available
M1,Monday,15:00 - 16:00,0,Available
M1,Monday,16:00 - 17:00,0,Available
M1,Monday,17:00 - 17:45,0,Available
M1,Tuesday,08:00 - 08:50,1,Not Available
M1,Tuesday,08:55 - 09:45,1,Not Available
M1,Tuesday,10:15 - 11:05,0,Available
M1,Tuesday,11:10 - 12:00,1,Not Available
M1,Tuesday,13:00 - 14:00,1,Not Available
M1,Tuesday,14:00 - 15:00,1,Not Available
M1,Tuesday,15:00 - 16:00,1,Not Available
M1,Tuesday,16:00 - 17:00,0,Available
M1,Tuesday,17:00 - 17:45,0,Available
M1,Wednesday,08:00 - 08:50,1,Not Available
M1,Wednesday,08:55 - 09:45,1,Not Available
M1,Wednesday,10:15 - 11:05,1,Not Available
M1,Wednesday,11:10 - 12:00,1,Not Available
M1,Wednesday,13:00 - 14:00,1,Not Available
M1,Wednesday,14:00 - 15:00,1,Not Available
M1,Wednesday,15:00 - 16:00,0,Available
M1,Wednesday,16:00 - 17:00,0,Available
M1,Wednesday,17:00 - 17:45,0,Available
M1,Thursday,08:00 - 08:50,1,Not Available
M1,Thursday,08:55 - 09:45,1,Not Available
M1,Thursday,10:15 - 11:05,0,Available
M1,Thursday,11:10 - 12:00,0,Available
M1,Thursday,13:00 - 14:00,0,Available
M1,Thursday,14:00 - 15:00,0,Available
M1,Thursday,15:00 - 16:00,0,Available
M1,Thursday,16:00 - 17:00,0,Available
M1,Thursday,17:00 - 17:45,0,Available
M1,Friday,08:00 - 08:50,1,Not Available
M1,Friday,08:55 - 09:45,1,Not Available
M1,Friday,10:15 - 11:05,1,Not Available
M1,Friday,11:10 - 12:00,0,Available
M1,Friday,13:00 - 14:00,0,Available
M1,Friday,14:00 - 15:00,0,Available
M1,Friday,15:00 - 16:00,0,Available
M1,Friday,16:00 - 17:00,0,Available
M1,Friday,17:00 - 17:45,0,Available
M2,Monday,08:00 - 08:50,0,Available
M2,Monday,08:55 - 09:45,0,Available
M2,Monday,10:15 - 11:05,0,Available
M2,Monday,11:10 - 12:00,0,Available
M2,Monday,13:00 - 14:00,0,Available
M2,Monday,14:00 - 15:00,0,Available
M2,Monday,15:00 - 16:00,0,Available
M2,Monday,16:00 - 17:00,0,Available
M2,Monday,17:00 - 17:45,0,Available
M2,Tuesday,08:00 - 08:50,0,Available
M2,Tuesday,08:55 - 09:45,0,Available
M2,Tuesday,10:15 - 11:05,0,Available
M2,Tuesday,11:10 - 12:00,0,Available
M2,Tuesday,13:00 - 14:00,0,Available
M2,Tuesday,14:00 - 15:00,0,Available
M2,Tuesday,15:00 - 16:00,0,Available
M2,Tuesday,16:00 - 17:00,0,Available
M2,Tuesday,17:00 - 17:45,0,Available
M2,Wednesday,08:00 - 08:50,0,Available
M2,Wednesday,08:55 - 09:45,0,Available
M2,Wednesday,10:15 - 11:05,0,Available
M2,Wednesday,11:10 - 12:00,0,Available
M2,Wednesday,13:00 - 14:00,0,Available
M2,Wednesday,14:00 - 15:00,0,Available
M2,Wednesday,15:00 - 16:00,0,Available
M2,Wednesday,16:00 - 17:00,0,Available
M2,Wednesday,17:00 - 17:45,0,Available
M2,Thursday,08:00 - 08:50,0,Available
M2,Thursday,08:55 - 09:45,0,Available
M2,Thursday,10:15 - 11:05,0,Available
M2,Thursday,11:10 - 12:00,0,Available
M2,Thursday,13:00 - 14:00,0,Available
M2,Thursday,14:00 - 15:00,0,Available
M2,Thursday,15:00 - 16:00,0,Available
M2,Thursday,16:00 - 17:00,0,Available
M2,Thursday,17:00 - 17:45,0,Available
M2,Friday,08:00 - 08:50,0,Available
M2,Friday,08:55 - 09:45,0,Available
M2,Friday,10:15 - 11:05,1,Not Available
M2,Friday,11:10 - 12:00,1,Not Available
M2,Friday,13:00 - 14:00,1,Not Available
M2,Friday,14:00 - 15:00,1,Not Available
M2,Friday,15:00 - 16:00,0,Available
M2,Friday,16:00 - 17:00,0,Available
M2,Friday,17:00 - 17:45,0,Available
SRL,Monday,08:00 - 08:50,0,Not Available
SRL,Monday,08:55 - 09:45,0,Not Available
SRL,Monday,10:15 - 11:05,1,Available
SRL,Monday,11:10 - 12:00,1,Available
SRL,Monday,13:00 - 14:00,0,Not Available
SRL,Monday,14:00 - 15:00,1,Available
SRL,Monday,15:00 - 16:00,1,Available
SRL,Monday,16:00 - 17:00,1,Available
SRL,Monday,17:00 - 17:45,1,Available
SRL,Tuesday,08:00 - 08:50,1,Available
SRL,Tuesday,08:55 - 09:45,1,Available
SRL,Tuesday,10:15 - 11:05,0,Not Available
SRL,Tuesday,11:10 - 12:00,0,Not Available
SRL,Tuesday,13:00 - 14:00,0,Not Available
SRL,Tuesday,14:00 - 15:00,0,Not Available
SRL,Tuesday,15:00 - 16:00,0,Not Available
SRL,Tuesday,16:00 - 17:00,0,Not Available
SRL,Tuesday,17:00 - 17:45,0,Not Available
SRL,Wednesday,08:00 - 08:50,0,Not Available
SRL,Wednesday,08:55 - 09:45,0,Not Available
SRL,Wednesday,10:15 - 11:05,0,Not Available
SRL,Wednesday,11:10 - 12:00,0,Not Available
SRL,Wednesday,13:00 - 14:00,1,Available
SRL,Wednesday,14:00 - 15:00,1,Available
SRL,Wednesday,15:00 - 16:00,1,Available
SRL,Wednesday,16:00 - 17:00,0,Not Available
SRL,Wednesday,17:00 - 17:45,0,Not Available
SRL,Thursday,08:00 - 08:50,1,Available
SRL,Thursday,08:55 - 09:45,1,Available
SRL,Thursday,10:15 - 11:05,1,Available
SRL,Thursday,11:10 - 12:00,1,Available
SRL,Thursday,13:00 - 14:00,1,Available
SRL,Thursday,14:00 - 15:00,1,Available
SRL,Thursday,15:00 - 16:00,0,Not Available
SRL,Thursday,16:00 - 17:00,0,Not Available
SRL,Thursday,17:00 - 17:45,0,Not Available
SRL,Friday,08:00 - 08:50,1,Available
SRL,Friday,08:55 - 09:45,1,Available
SRL,Friday,10:15 - 11:05,0,Not Available
SRL,Friday,11:10 - 12:00,0,Not Available
SRL,Friday,13:00 - 14:00,0,Not Available
SRL,Friday,14:00 - 15:00,0,Not Available
SRL,Friday,15:00 - 16:00,0,Not Available
SRL,Friday,16:00 - 17:00,0,Not Available
SRL,Friday,17:00 - 17:45,0,Not Available
Zoology seminar room 2,Monday,08:00 - 08:50,0,Available
Zoology seminar room 2,Monday,08:55 - 09:45,0,Available
Zoology seminar room 2,Monday,10:15 - 11:05,0,Available
Zoology seminar room 2,Monday,11:10 - 12:00,0,Available
Zoology seminar room 2,Monday,13:00 - 14:00,1,Not Available
Zoology seminar room 2,Monday,14:00 - 15:00,1,Not Available
Zoology seminar room 2,Monday,15:00 - 16:00,0,Available
Zoology seminar room 2,Monday,16:00 - 17:00,0,Available
Zoology seminar room 2,Monday,17:00 - 17:45,0,Available
Zoology seminar room 2,Tuesday,08:00 - 08:50,0,Available
Zoology seminar room 2,Tuesday,08:55 - 09:45,0,Available
Zoology seminar room 2,Tuesday,10:15 - 11:05,0,Available
Zoology seminar room 2,Tuesday,11:10 - 12:00,0,Available
Zoology seminar room 2,Tuesday,13:00 - 14:00,1,Not Available
Zoology seminar room 2,Tuesday,14:00 - 15:00,0,Available
Zoology seminar room 2,Tuesday,15:00 - 16:00,0,Available
Zoology seminar room 2,Tuesday,16:00 - 17:00,0,Available
Zoology seminar room 2,Tuesday,17:00 - 17:45,0,Available
Zoology seminar room 2,Wednesday,08:00 - 08:50,0,Available
Zoology seminar room 2,Wednesday,08:55 - 09:45,0,Available
Zoology seminar room 2,Wednesday,10:15 - 11:05,0,Available
Zoology seminar room 2,Wednesday,11:10 - 12:00,0,Available
Zoology seminar room 2,Wednesday,13:00 - 14:00,0,Available
Zoology seminar room 2,Wednesday,14:00 - 15:00,0,Available
Zoology seminar room 2,Wednesday,15:00 - 16:00,0,Available
Zoology seminar room 2,Wednesday,16:00 - 17:00,0,Available
Zoology seminar room 2,Wednesday,17:00 - 17:45,0,Available
Zoology seminar room 2,Thursday,08:00 - 08:50,0,Available
Zoology seminar room 2,Thursday,08:55 - 09:45,0,Available
Zoology seminar room 2,Thursday,10:15 - 11:05,0,Available
Zoology seminar room 2,Thursday,11:10 - 12:00,0,Available
Zoology seminar room 2,Thursday,13:00 - 14:00,0,Available
Zoology seminar room 2,Thursday,14:00 - 15:00,0,Available
Zoology seminar room 2,Thursday,15:00 - 16:00,0,Available
Zoology seminar room 2,Thursday,16:00 - 17:00,0,Available
Zoology seminar room 2,Thursday,17:00 - 17:45,0,Available
Zoology seminar room 2,Friday,08:00 - 08:50,0,Available
Zoology seminar room 2,Friday,08:55 - 09:45,0,Available
Zoology seminar room 2,Friday,10:15 - 11:05,0,Available
Zoology seminar room 2,Friday,11:10 - 12:00,0,Available
Zoology seminar room 2,Friday,13:00 - 14:00,0,Available
Zoology seminar room 2,Friday,14:00 - 15:00,0,Available
Zoology seminar room 2,Friday,15:00 - 16:00,0,Available
Zoology seminar room 2,Friday,16:00 - 17:00,0,Available
Zoology seminar room 2,Friday,17:00 - 17:45,0,Available
GMBU,Monday,08:00 - 08:50,0,Available
GMBU,Monday,08:55 - 09:45,0,Available
GMBU,Monday,10:15 - 11:05,0,Available
GMBU,Monday,11:10 - 12:00,0,Available
GMBU,Monday,13:00 - 14:00,1,Not Available
GMBU,Monday,14:00 - 15:00,1,Not Available
GMBU,Monday,15:00 - 16:00,1,Not Available
GMBU,Monday,16:00 - 17:00,0,Available
GMBU,Monday,17:00 - 17:45,0,Available
GMBU,Tuesday,08:00 - 08:50,0,Available
GMBU,Tuesday,08:55 - 09:45,0,Available
GMBU,Tuesday,10:15 - 11:05,0,Available
GMBU,Tuesday,11:10 - 12:00,0,Available
GMBU,Tuesday,13:00 - 14:00,0,Available
GMBU,Tuesday,14:00 - 15:00,0,Available
GMBU,Tuesday,15:00 - 16:00,0,Available
GMBU,Tuesday,16:00 - 17:00,0,Available
GMBU,Tuesday,17:00 - 17:45,0,Available
GMBU,Wednesday,08:00 - 08:50,0,Available
GMBU,Wednesday,08:55 - 09:45,0,Available
GMBU,Wednesday,10:15 - 11:05,0,Available
GMBU,Wednesday,11:10 - 12:00,0,Available
GMBU,Wednesday,13:00 - 14:00,0,Available
GMBU,Wednesday,14:00 - 15:00,0,Available
GMBU,Wednesday,15:00 - 16:00,0,Available
GMBU,Wednesday,16:00 - 17:00,0,Available
GMBU,Wednesday,17:00 - 17:45,0,Available
GMBU,Thursday,08:00 - 08:50,0,Available
GMBU,Thursday,08:55 - 09:45,0,Available
GMBU,Thursday,10:15 - 11:05,0,Available
GMBU,Thursday,11:10 - 12:00,0,Available
GMBU,Thursday,13:00 - 14:00,0,Available
GMBU,Thursday,14:00 - 15:00,0,Available
GMBU,Thursday,15:00 - 16:00,0,Available
GMBU,Thursday,16:00 - 17:00,0,Available
GMBU,Thursday,17:00 - 17:45,0,Available
GMBU,Friday,08:00 - 08:50,0,Available
GMBU,Friday,08:55 - 09:45,1,Not Available
GMBU,Friday,10:15 - 11:05,1,Not Available
GMBU,Friday,11:10 - 12:00,1,Not Available
GMBU,Friday,13:00 - 14:00,0,Available
GMBU,Friday,14:00 - 15:00,0,Available
GMBU,Friday,15:00 - 16:00,0,Available
GMBU,Friday,16:00 - 17:00,0,Available
GMBU,Friday,17:00 - 17:45,0,Available
